Workbook

Sheet TS
A1: Survey Station | B1: Survey Elevation | C1: Pipe Wall Thickness | D1: Survey Joint Length | E1: Volume | F1: Cumulative Volume | G1: Selected Material Type | H1: Class Location | I1: Pipe Wall Actual | J1: Max. Pressure | K1: Min. Pressure | L1: Elevation Diff from High | M1: Test Pressure | N1: Stationing | O1: Elevation | P1: Elev Diff | Q1: Max Press | R1: Min Press | S1: Minimum Test Press | T1: Maximum Test Pressure | U1: SMYS | V1: High Elev Pt to end (ft) | W1: Dewater Pressure (psi) | X1: Air Vol (SCF) | Y1: Air Vol (SCF)*1000 | Z1: Min Air Vol (SCF)*1000 | AA1: High Elev Pt to end (ft) | AB1: Calc. Backpressure (psi) | AC1: Fill Pressure | AD1: Minimum backpressure | AE1: Volume | AF1: Cumulative Volume
A2: 95899.92 | B2: 825.1845 | C2: 0.6 | D2: 0 | E2: =(PI()/4*(42/12-(2*C44/12))^2)*(D2)*7.48 -> 0 | F2: =SUM(E$2:E2) -> 0 | G2: =IF(C2=0.72,12,IF(C2=1,11,IF(C2=0.825,10,IF(C2=0.6,1,IF(C2=0.864,2,IF(C2=0.888,3)))))) -> 1 | H2: 1 | I2: =C2 -> 0.6 | J2: =VLOOKUP(G2,Inputs!$L$3:$P$15,5,FALSE) -> 2000 | K2: =IF(H2=1,1825,IF(H2=2,1825,2220)) -> 1825 | L2: =Inputs!$P$8-B2 -> 113.0065 | M2: =Inputs!$Q$8+L2*0.433 -> 1873.9318 | N2: =A2 -> 95899.92 | O2: =B2 -> 825.1845 | P2: =IF(O2="","",Inputs!$C$5-O2) -> 0 | Q2: =IF(N2="","",TS!J2) -> 2000 | R2: =IF(N2="","",TS!K2) -> 1825 | S2: =Inputs!$H$5+TS!P2*0.4333 -> 1874.9657 | T2: =Inputs!$G$5+TS!P2*0.4333 -> 1889.9657 | U2: =T2/(140000*C2/42) -> 0.94498286 | V2: =O2-MAX(O2:O177) -> 0 | W2: =-(V2)*0.433 -> 0 | X2: =((PI()*((42-2*'Gen Calcs'!$E$13)^2)/4)/144)*(A45-#REF!)*(W2+14.7)/14.7 -> #REF! | Y2: =X2/1000 -> #REF! | Z2: =IF(Y2>#REF!,Y2,#REF!) -> #REF! | AA2: =MAX(B$2:B2)-B2 -> 0 | AB2: =AA2*0.433 -> 0 | AC2: =((MAX(O$2:O$1348)-O2)-(MAX(O$2:O$1348)-O2))*0.433+AD2 -> 95 | AD2: 95 | AE2: =PI()*(((42-2*C2)/12)^2/4)*D2 -> 0 | AF2: =SUM(AE$2:AE2) -> 0 | AG2: =AF$1391-AF2 -> 1173729.9
A3: 95999.92 | B3: 822.0039 | C3: 0.6 | D3: =A3-A2 -> 100 | E3: =(PI()/4*(42/12-(2*C45/12))^2)*(D3)*7.48 -> 6791.2437 | F3: =SUM(E$2:E3) -> 6791.2437 | G3: =IF(C3=0.72,12,IF(C3=1,11,IF(C3=0.825,10,IF(C3=0.6,1,IF(C3=0.864,2,IF(C3=0.888,3)))))) -> 1 | H3: 1 | I3: =C3 -> 0.6 | J3: =VLOOKUP(G3,Inputs!$L$3:$P$15,5,FALSE) -> 2000 | K3: =IF(H3=1,1825,IF(H3=2,1825,2220)) -> 1825 | L3: =Inputs!$P$8-B3 -> 116.1871 | M3: =Inputs!$Q$8+L3*0.433 -> 1875.309 | N3: =A3 -> 95999.92 | O3: =B3 -> 822.0039 | P3: =IF(O3="","",Inputs!$C$5-O3) -> 3.1806 | Q3: =IF(N3="","",TS!J3) -> 2000 | R3: =IF(N3="","",TS!K3) -> 1825 | S3: =Inputs!$H$5+TS!P3*0.4333 -> 1876.3439 | T3: =Inputs!$G$5+TS!P3*0.4333 -> 1891.3439 | U3: =T3/(140000*C3/42) -> 0.94567194 | V3: =O3-MAX(O3:O177) -> 0 | W3: =-(V3)*0.433 -> 0 | X3: =((PI()*((42-2*'Gen Calcs'!$E$13)^2)/4)/144)*(A46-#REF!)*(W3+14.7)/14.7 -> #REF! | Y3: =X3/1000 -> #REF! | Z3: =IF(Y3>Z2,Y3,Z2) -> #REF! | AA3: =MAX(B$2:B3)-B3 -> 3.1806 | AB3: =AA3*0.433 -> 1.3771998 | AC3: =((MAX(O$2:O$1348)-O3)-(MAX(O$2:O$1348)-O3))*0.433+AD3 -> 95.073543 | AD3: =(AD$2*AF$1391)/AG3 -> 95.073543 | AE3: =PI()*(((42-2*C3)/12)^2/4)*D3 -> 907.92028 | AF3: =SUM(AE$2:AE3) -> 907.92028 | AG3: =AF$1391-AF3 -> 1172822
A4: 96099.92 | B4: 818.5449 | C4: 0.6 | D4: =A4-A3 -> 100 | E4: =(PI()/4*(42/12-(2*C46/12))^2)*(D4)*7.48 -> 6616.6077 | F4: =SUM(E$2:E4) -> 13407.851 | G4: =IF(C4=0.72,12,IF(C4=1,11,IF(C4=0.825,10,IF(C4=0.6,1,IF(C4=0.864,2,IF(C4=0.888,3)))))) -> 1 | H4: 1 | I4: =C4 -> 0.6 | J4: =VLOOKUP(G4,Inputs!$L$3:$P$15,5,FALSE) -> 2000 | K4: =IF(H4=1,1825,IF(H4=2,1825,2220)) -> 1825 | L4: =Inputs!$P$8-B4 -> 119.6461 | M4: =Inputs!$Q$8+L4*0.433 -> 1876.8068 | N4: =A4 -> 96099.92 | O4: =B4 -> 818.5449 | P4: =IF(O4="","",Inputs!$C$5-O4) -> 6.6396 | Q4: =IF(N4="","",TS!J4) -> 2000 | R4: =IF(N4="","",TS!K4) -> 1825 | S4: =Inputs!$H$5+TS!P4*0.4333 -> 1877.8427 | T4: =Inputs!$G$5+TS!P4*0.4333 -> 1892.8427 | U4: =T4/(140000*C4/42) -> 0.94642133 | V4: =O4-MAX(O4:O177) -> 0 | W4: =-(V4)*0.433 -> 0 | X4: =((PI()*((42-2*'Gen Calcs'!$E$13)^2)/4)/144)*(A47-#REF!)*(W4+14.7)/14.7 -> #REF! | Y4: =X4/1000 -> #REF! | Z4: =IF(Y4>Z3,Y4,Z3) -> #REF! | AA4: =MAX(B$2:B4)-B4 -> 6.6396 | AB4: =AA4*0.433 -> 2.8749468 | AC4: =((MAX(O$2:O$1348)-O4)-(MAX(O$2:O$1348)-O4))*0.433+AD4 -> 95.147199 | AD4: =(AD$2*AF$1391)/AG4 -> 95.147199 | AE4: =PI()*(((42-2*C4)/12)^2/4)*D4 -> 907.92028 | AF4: =SUM(AE$2:AE4) -> 1815.8406 | AG4: =AF$1391-AF4 -> 1171914.1
A5: 96199.92 | B5: 814.7277 | C5: 0.6 | D5: =A5-A4 -> 100 | E5: =(PI()/4*(42/12-(2*C47/12))^2)*(D5)*7.48 -> 6791.2437 | F5: =SUM(E$2:E5) -> 20199.095 | G5: =IF(C5=0.72,12,IF(C5=1,11,IF(C5=0.825,10,IF(C5=0.6,1,IF(C5=0.864,2,IF(C5=0.888,3)))))) -> 1 | H5: 1 | I5: =C5 -> 0.6 | J5: =VLOOKUP(G5,Inputs!$L$3:$P$15,5,FALSE) -> 2000 | K5: =IF(H5=1,1825,IF(H5=2,1825,2220)) -> 1825 | L5: =Inputs!$P$8-B5 -> 123.4633 | M5: =Inputs!$Q$8+L5*0.433 -> 1878.4596 | N5: =A5 -> 96199.92 | O5: =B5 -> 814.7277 | P5: =IF(O5="","",Inputs!$C$5-O5) -> 10.4568 | Q5: =IF(N5="","",TS!J5) -> 2000 | R5: =IF(N5="","",TS!K5) -> 1825 | S5: =Inputs!$H$5+TS!P5*0.4333 -> 1879.4966 | T5: =Inputs!$G$5+TS!P5*0.4333 -> 1894.4966 | U5: =T5/(140000*C5/42) -> 0.94724832 | V5: =O5-MAX(O5:O177) -> 0 | W5: =-(V5)*0.433 -> 0 | X5: =((PI()*((42-2*'Gen Calcs'!$E$13)^2)/4)/144)*(A48-#REF!)*(W5+14.7)/14.7 -> #REF! | Y5: =X5/1000 -> #REF! | Z5: =IF(Y5>Z4,Y5,Z4) -> #REF! | AA5: =MAX(B$2:B5)-B5 -> 10.4568 | AB5: =AA5*0.433 -> 4.5277944 | AC5: =((MAX(O$2:O$1348)-O5)-(MAX(O$2:O$1348)-O5))*0.433+AD5 -> 95.22097 | AD5: =(AD$2*AF$1391)/AG5 -> 95.22097 | AE5: =PI()*(((42-2*C5)/12)^2/4)*D5 -> 907.92028 | AF5: =SUM(AE$2:AE5) -> 2723.7608 | AG5: =AF$1391-AF5 -> 1171006.1
A6: 96299.92 | B6: 812.4204 | C6: 0.6 | D6: =A6-A5 -> 100 | E6: =(PI()/4*(42/12-(2*C48/12))^2)*(D6)*7.48 -> 6791.2437 | F6: =SUM(E$2:E6) -> 26990.339 | G6: =IF(C6=0.72,12,IF(C6=1,11,IF(C6=0.825,10,IF(C6=0.6,1,IF(C6=0.864,2,IF(C6=0.888,3)))))) -> 1 | H6: 1 | I6: =C6 -> 0.6 | J6: =VLOOKUP(G6,Inputs!$L$3:$P$15,5,FALSE) -> 2000 | K6: =IF(H6=1,1825,IF(H6=2,1825,2220)) -> 1825 | L6: =Inputs!$P$8-B6 -> 125.7706 | M6: =Inputs!$Q$8+L6*0.433 -> 1879.4587 | N6: =A6 -> 96299.92 | O6: =B6 -> 812.4204 | P6: =IF(O6="","",Inputs!$C$5-O6) -> 12.7641 | Q6: =IF(N6="","",TS!J6) -> 2000 | R6: =IF(N6="","",TS!K6) -> 1825 | S6: =Inputs!$H$5+TS!P6*0.4333 -> 1880.4964 | T6: =Inputs!$G$5+TS!P6*0.4333 -> 1895.4964 | U6: =T6/(140000*C6/42) -> 0.9477482 | V6: =O6-MAX(O6:O177) -> -0.2078 | W6: =-(V6)*0.433 -> 0.0899774 | X6: =((PI()*((42-2*'Gen Calcs'!$E$13)^2)/4)/144)*(A49-#REF!)*(W6+14.7)/14.7 -> #REF! | Y6: =X6/1000 -> #REF! | Z6: =IF(Y6>Z5,Y6,Z5) -> #REF! | AA6: =MAX(B$2:B6)-B6 -> 12.7641 | AB6: =AA6*0.433 -> 5.5268553 | AC6: =((MAX(O$2:O$1348)-O6)-(MAX(O$2:O$1348)-O6))*0.433+AD6 -> 95.294855 | AD6: =(AD$2*AF$1391)/AG6 -> 95.294855 | AE6: =PI()*(((42-2*C6)/12)^2/4)*D6 -> 907.92028 | AF6: =SUM(AE$2:AE6) -> 3631.6811 | AG6: =AF$1391-AF6 -> 1170098.2
A7: 96399.92 | B7: 808.4569 | C7: 0.6 | D7: =A7-A6 -> 100 | E7: =(PI()/4*(42/12-(2*C49/12))^2)*(D7)*7.48 -> 6791.2437 | F7: =SUM(E$2:E7) -> 33781.582 | G7: =IF(C7=0.72,12,IF(C7=1,11,IF(C7=0.825,10,IF(C7=0.6,1,IF(C7=0.864,2,IF(C7=0.888,3)))))) -> 1 | H7: 1 | I7: =C7 -> 0.6 | J7: =VLOOKUP(G7,Inputs!$L$3:$P$15,5,FALSE) -> 2000 | K7: =IF(H7=1,1825,IF(H7=2,1825,2220)) -> 1825 | L7: =Inputs!$P$8-B7 -> 129.7341 | M7: =Inputs!$Q$8+L7*0.433 -> 1881.1749 | N7: =A7 -> 96399.92 | O7: =B7 -> 808.4569 | P7: =IF(O7="","",Inputs!$C$5-O7) -> 16.7276 | Q7: =IF(N7="","",TS!J7) -> 2000 | R7: =IF(N7="","",TS!K7) -> 1825 | S7: =Inputs!$H$5+TS!P7*0.4333 -> 1882.2138 | T7: =Inputs!$G$5+TS!P7*0.4333 -> 1897.2138 | U7: =T7/(140000*C7/42) -> 0.94860689 | V7: =O7-MAX(O7:O177) -> -4.1713 | W7: =-(V7)*0.433 -> 1.8061729 | X7: =((PI()*((42-2*'Gen Calcs'!$E$13)^2)/4)/144)*(A50-#REF!)*(W7+14.7)/14.7 -> #REF! | Y7: =X7/1000 -> #REF! | Z7: =IF(Y7>Z6,Y7,Z6) -> #REF! | AA7: =MAX(B$2:B7)-B7 -> 16.7276 | AB7: =AA7*0.433 -> 7.2430508 | AC7: =((MAX(O$2:O$1348)-O7)-(MAX(O$2:O$1348)-O7))*0.433+AD7 -> 95.368855 | AD7: =(AD$2*AF$1391)/AG7 -> 95.368855 | AE7: =PI()*(((42-2*C7)/12)^2/4)*D7 -> 907.92028 | AF7: =SUM(AE$2:AE7) -> 4539.6014 | AG7: =AF$1391-AF7 -> 1169190.3
A8: 96499.92 | B8: 805.6716 | C8: 0.6 | D8: =A8-A7 -> 100 | E8: =(PI()/4*(42/12-(2*C50/12))^2)*(D8)*7.48 -> 6791.2437 | F8: =SUM(E$2:E8) -> 40572.826 | G8: =IF(C8=0.72,12,IF(C8=1,11,IF(C8=0.825,10,IF(C8=0.6,1,IF(C8=0.864,2,IF(C8=0.888,3)))))) -> 1 | H8: 1 | I8: =C8 -> 0.6 | J8: =VLOOKUP(G8,Inputs!$L$3:$P$15,5,FALSE) -> 2000 | K8: =IF(H8=1,1825,IF(H8=2,1825,2220)) -> 1825 | L8: =Inputs!$P$8-B8 -> 132.5194 | M8: =Inputs!$Q$8+L8*0.433 -> 1882.3809 | N8: =A8 -> 96499.92 | O8: =B8 -> 805.6716 | P8: =IF(O8="","",Inputs!$C$5-O8) -> 19.5129 | Q8: =IF(N8="","",TS!J8) -> 2000 | R8: =IF(N8="","",TS!K8) -> 1825 | S8: =Inputs!$H$5+TS!P8*0.4333 -> 1883.4207 | T8: =Inputs!$G$5+TS!P8*0.4333 -> 1898.4207 | U8: =T8/(140000*C8/42) -> 0.94921033 | V8: =O8-MAX(O8:O177) -> -6.9566 | W8: =-(V8)*0.433 -> 3.0122078 | X8: =((PI()*((42-2*'Gen Calcs'!$E$13)^2)/4)/144)*(A51-#REF!)*(W8+14.7)/14.7 -> #REF! | Y8: =X8/1000 -> #REF! | Z8: =IF(Y8>Z7,Y8,Z7) -> #REF! | AA8: =MAX(B$2:B8)-B8 -> 19.5129 | AB8: =AA8*0.433 -> 8.4490857 | AC8: =((MAX(O$2:O$1348)-O8)-(MAX(O$2:O$1348)-O8))*0.433+AD8 -> 95.44297 | AD8: =(AD$2*AF$1391)/AG8 -> 95.44297 | AE8: =PI()*(((42-2*C8)/12)^2/4)*D8 -> 907.92028 | AF8: =SUM(AE$2:AE8) -> 5447.5217 | AG8: =AF$1391-AF8 -> 1168282.4
A9: 96599.92 | B9: 803.4641 | C9: 0.6 | D9: =A9-A8 -> 100 | E9: =(PI()/4*(42/12-(2*C51/12))^2)*(D9)*7.48 -> 6791.2437 | F9: =SUM(E$2:E9) -> 47364.07 | G9: =IF(C9=0.72,12,IF(C9=1,11,IF(C9=0.825,10,IF(C9=0.6,1,IF(C9=0.864,2,IF(C9=0.888,3)))))) -> 1 | H9: 1 | I9: =C9 -> 0.6 | J9: =VLOOKUP(G9,Inputs!$L$3:$P$15,5,FALSE) -> 2000 | K9: =IF(H9=1,1825,IF(H9=2,1825,2220)) -> 1825 | L9: =Inputs!$P$8-B9 -> 134.7269 | M9: =Inputs!$Q$8+L9*0.433 -> 1883.3367 | N9: =A9 -> 96599.92 | O9: =B9 -> 803.4641 | P9: =IF(O9="","",Inputs!$C$5-O9) -> 21.7204 | Q9: =IF(N9="","",TS!J9) -> 2000 | R9: =IF(N9="","",TS!K9) -> 1825 | S9: =Inputs!$H$5+TS!P9*0.4333 -> 1884.3772 | T9: =Inputs!$G$5+TS!P9*0.4333 -> 1899.3772 | U9: =T9/(140000*C9/42) -> 0.94968858 | V9: =O9-MAX(O9:O177) -> -9.1641 | W9: =-(V9)*0.433 -> 3.9680553 | X9: =((PI()*((42-2*'Gen Calcs'!$E$13)^2)/4)/144)*(A52-#REF!)*(W9+14.7)/14.7 -> #REF! | Y9: =X9/1000 -> #REF! | Z9: =IF(Y9>Z8,Y9,Z8) -> #REF! | AA9: =MAX(B$2:B9)-B9 -> 21.7204 | AB9: =AA9*0.433 -> 9.4049332 | AC9: =((MAX(O$2:O$1348)-O9)-(MAX(O$2:O$1348)-O9))*0.433+AD9 -> 95.517201 | AD9: =(AD$2*AF$1391)/AG9 -> 95.517201 | AE9: =PI()*(((42-2*C9)/12)^2/4)*D9 -> 907.92028 | AF9: =SUM(AE$2:AE9) -> 6355.4419 | AG9: =AF$1391-AF9 -> 1167374.5
A10: 96699.92 | B10: 802.625 | C10: 0.6 | D10: =A10-A9 -> 100 | E10: =(PI()/4*(42/12-(2*C52/12))^2)*(D10)*7.48 -> 6791.2437 | F10: =SUM(E$2:E10) -> 54155.313 | G10: =IF(C10=0.72,12,IF(C10=1,11,IF(C10=0.825,10,IF(C10=0.6,1,IF(C10=0.864,2,IF(C10=0.888,3)))))) -> 1 | H10: 1 | I10: =C10 -> 0.6 | J10: =VLOOKUP(G10,Inputs!$L$3:$P$15,5,FALSE) -> 2000 | K10: =IF(H10=1,1825,IF(H10=2,1825,2220)) -> 1825 | L10: =Inputs!$P$8-B10 -> 135.566 | M10: =Inputs!$Q$8+L10*0.433 -> 1883.7001 | N10: =A10 -> 96699.92 | O10: =B10 -> 802.625 | P10: =IF(O10="","",Inputs!$C$5-O10) -> 22.5595 | Q10: =IF(N10="","",TS!J10) -> 2000 | R10: =IF(N10="","",TS!K10) -> 1825 | S10: =Inputs!$H$5+TS!P10*0.4333 -> 1884.7407 | T10: =Inputs!$G$5+TS!P10*0.4333 -> 1899.7407 | U10: =T10/(140000*C10/42) -> 0.94987037 | V10: =O10-MAX(O10:O177) -> -10.0032 | W10: =-(V10)*0.433 -> 4.3313856 | X10: =((PI()*((42-2*'Gen Calcs'!$E$13)^2)/4)/144)*(A53-#REF!)*(W10+14.7)/14.7 -> #REF! | Y10: =X10/1000 -> #REF! | Z10: =IF(Y10>Z9,Y10,Z9) -> #REF! | AA10: =MAX(B$2:B10)-B10 -> 22.5595 | AB10: =AA10*0.433 -> 9.7682635 | AC10: =((MAX(O$2:O$1348)-O10)-(MAX(O$2:O$1348)-O10))*0.433+AD10 -> 95.591547 | AD10: =(AD$2*AF$1391)/AG10 -> 95.591547 | AE10: =PI()*(((42-2*C10)/12)^2/4)*D10 -> 907.92028 | AF10: =SUM(AE$2:AE10) -> 7263.3622 | AG10: =AF$1391-AF10 -> 1166466.5
A11: 96799.92 | B11: 802.1073 | C11: 0.6 | D11: =A11-A10 -> 100 | E11: =(PI()/4*(42/12-(2*C53/12))^2)*(D11)*7.48 -> 6791.2437 | F11: =SUM(E$2:E11) -> 60946.557 | G11: =IF(C11=0.72,12,IF(C11=1,11,IF(C11=0.825,10,IF(C11=0.6,1,IF(C11=0.864,2,IF(C11=0.888,3)))))) -> 1 | H11: 1 | I11: =C11 -> 0.6 | J11: =VLOOKUP(G11,Inputs!$L$3:$P$15,5,FALSE) -> 2000 | K11: =IF(H11=1,1825,IF(H11=2,1825,2220)) -> 1825 | L11: =Inputs!$P$8-B11 -> 136.0837 | M11: =Inputs!$Q$8+L11*0.433 -> 1883.9242 | N11: =A11 -> 96799.92 | O11: =B11 -> 802.1073 | P11: =IF(O11="","",Inputs!$C$5-O11) -> 23.0772 | Q11: =IF(N11="","",TS!J11) -> 2000 | R11: =IF(N11="","",TS!K11) -> 1825 | S11: =Inputs!$H$5+TS!P11*0.4333 -> 1884.9651 | T11: =Inputs!$G$5+TS!P11*0.4333 -> 1899.9651 | U11: =T11/(140000*C11/42) -> 0.94998253 | V11: =O11-MAX(O11:O177) -> -10.5209 | W11: =-(V11)*0.433 -> 4.5555497 | X11: =((PI()*((42-2*'Gen Calcs'!$E$13)^2)/4)/144)*(A54-#REF!)*(W11+14.7)/14.7 -> #REF! | Y11: =X11/1000 -> #REF! | Z11: =IF(Y11>Z10,Y11,Z10) -> #REF! | AA11: =MAX(B$2:B11)-B11 -> 23.0772 | AB11: =AA11*0.433 -> 9.9924276 | AC11: =((MAX(O$2:O$1348)-O11)-(MAX(O$2:O$1348)-O11))*0.433+AD11 -> 95.666008 | AD11: =(AD$2*AF$1391)/AG11 -> 95.666008 | AE11: =PI()*(((42-2*C11)/12)^2/4)*D11 -> 907.92028 | AF11: =SUM(AE$2:AE11) -> 8171.2825 | AG11: =AF$1391-AF11 -> 1165558.6
A12: 96899.92 | B12: 801.9379 | C12: 0.6 | D12: =A12-A11 -> 100 | E12: =(PI()/4*(42/12-(2*C54/12))^2)*(D12)*7.48 -> 6791.2437 | F12: =SUM(E$2:E12) -> 67737.801 | G12: =IF(C12=0.72,12,IF(C12=1,11,IF(C12=0.825,10,IF(C12=0.6,1,IF(C12=0.864,2,IF(C12=0.888,3)))))) -> 1 | H12: 1 | I12: =C12 -> 0.6 | J12: =VLOOKUP(G12,Inputs!$L$3:$P$15,5,FALSE) -> 2000 | K12: =IF(H12=1,1825,IF(H12=2,1825,2220)) -> 1825 | L12: =Inputs!$P$8-B12 -> 136.2531 | M12: =Inputs!$Q$8+L12*0.433 -> 1883.9976 | N12: =A12 -> 96899.92 | O12: =B12 -> 801.9379 | P12: =IF(O12="","",Inputs!$C$5-O12) -> 23.2466 | Q12: =IF(N12="","",TS!J12) -> 2000 | R12: =IF(N12="","",TS!K12) -> 1825 | S12: =Inputs!$H$5+TS!P12*0.4333 -> 1885.0385 | T12: =Inputs!$G$5+TS!P12*0.4333 -> 1900.0385 | U12: =T12/(140000*C12/42) -> 0.95001923 | V12: =O12-MAX(O12:O177) -> -10.6903 | W12: =-(V12)*0.433 -> 4.6288999 | X12: =((PI()*((42-2*'Gen Calcs'!$E$13)^2)/4)/144)*(A55-#REF!)*(W12+14.7)/14.7 -> #REF! | Y12: =X12/1000 -> #REF! | Z12: =IF(Y12>Z11,Y12,Z11) -> #REF! | AA12: =MAX(B$2:B12)-B12 -> 23.2466 | AB12: =AA12*0.433 -> 10.065778 | AC12: =((MAX(O$2:O$1348)-O12)-(MAX(O$2:O$1348)-O12))*0.433+AD12 -> 95.740586 | AD12: =(AD$2*AF$1391)/AG12 -> 95.740586 | AE12: =PI()*(((42-2*C12)/12)^2/4)*D12 -> 907.92028 | AF12: =SUM(AE$2:AE12) -> 9079.2028 | AG12: =AF$1391-AF12 -> 1164650.7
A13: 96999.92 | B13: 804.2642 | C13: 0.6 | D13: =A13-A12 -> 100 | E13: =(PI()/4*(42/12-(2*C55/12))^2)*(D13)*7.48 -> 6791.2437 | F13: =SUM(E$2:E13) -> 74529.044 | G13: =IF(C13=0.72,12,IF(C13=1,11,IF(C13=0.825,10,IF(C13=0.6,1,IF(C13=0.864,2,IF(C13=0.888,3)))))) -> 1 | H13: 1 | I13: =C13 -> 0.6 | J13: =VLOOKUP(G13,Inputs!$L$3:$P$15,5,FALSE) -> 2000 | K13: =IF(H13=1,1825,IF(H13=2,1825,2220)) -> 1825 | L13: =Inputs!$P$8-B13 -> 133.9268 | M13: =Inputs!$Q$8+L13*0.433 -> 1882.9903 | N13: =A13 -> 96999.92 | O13: =B13 -> 804.2642 | P13: =IF(O13="","",Inputs!$C$5-O13) -> 20.9203 | Q13: =IF(N13="","",TS!J13) -> 2000 | R13: =IF(N13="","",TS!K13) -> 1825 | S13: =Inputs!$H$5+TS!P13*0.4333 -> 1884.0305 | T13: =Inputs!$G$5+TS!P13*0.4333 -> 1899.0305 | U13: =T13/(140000*C13/42) -> 0.94951524 | V13: =O13-MAX(O13:O177) -> -8.364 | W13: =-(V13)*0.433 -> 3.621612 | X13: =((PI()*((42-2*'Gen Calcs'!$E$13)^2)/4)/144)*(A56-#REF!)*(W13+14.7)/14.7 -> #REF! | Y13: =X13/1000 -> #REF! | Z13: =IF(Y13>Z12,Y13,Z12) -> #REF! | AA13: =MAX(B$2:B13)-B13 -> 20.9203 | AB13: =AA13*0.433 -> 9.0584899 | AC13: =((MAX(O$2:O$1348)-O13)-(MAX(O$2:O$1348)-O13))*0.433+AD13 -> 95.81528 | AD13: =(AD$2*AF$1391)/AG13 -> 95.81528 | AE13: =PI()*(((42-2*C13)/12)^2/4)*D13 -> 907.92028 | AF13: =SUM(AE$2:AE13) -> 9987.123 | AG13: =AF$1391-AF13 -> 1163742.8
A14: 97099.92 | B14: 807.3161 | C14: 0.6 | D14: =A14-A13 -> 100 | E14: =(PI()/4*(42/12-(2*C56/12))^2)*(D14)*7.48 -> 6791.2437 | F14: =SUM(E$2:E14) -> 81320.288 | G14: =IF(C14=0.72,12,IF(C14=1,11,IF(C14=0.825,10,IF(C14=0.6,1,IF(C14=0.864,2,IF(C14=0.888,3)))))) -> 1 | H14: 1 | I14: =C14 -> 0.6 | J14: =VLOOKUP(G14,Inputs!$L$3:$P$15,5,FALSE) -> 2000 | K14: =IF(H14=1,1825,IF(H14=2,1825,2220)) -> 1825 | L14: =Inputs!$P$8-B14 -> 130.8749 | M14: =Inputs!$Q$8+L14*0.433 -> 1881.6688 | N14: =A14 -> 97099.92 | O14: =B14 -> 807.3161 | P14: =IF(O14="","",Inputs!$C$5-O14) -> 17.8684 | Q14: =IF(N14="","",TS!J14) -> 2000 | R14: =IF(N14="","",TS!K14) -> 1825 | S14: =Inputs!$H$5+TS!P14*0.4333 -> 1882.7081 | T14: =Inputs!$G$5+TS!P14*0.4333 -> 1897.7081 | U14: =T14/(140000*C14/42) -> 0.94885405 | V14: =O14-MAX(O14:O177) -> -5.3121 | W14: =-(V14)*0.433 -> 2.3001393 | X14: =((PI()*((42-2*'Gen Calcs'!$E$13)^2)/4)/144)*(A57-#REF!)*(W14+14.7)/14.7 -> #REF! | Y14: =X14/1000 -> #REF! | Z14: =IF(Y14>Z13,Y14,Z13) -> #REF! | AA14: =MAX(B$2:B14)-B14 -> 17.8684 | AB14: =AA14*0.433 -> 7.7370172 | AC14: =((MAX(O$2:O$1348)-O14)-(MAX(O$2:O$1348)-O14))*0.433+AD14 -> 95.890091 | AD14: =(AD$2*AF$1391)/AG14 -> 95.890091 | AE14: =PI()*(((42-2*C14)/12)^2/4)*D14 -> 907.92028 | AF14: =SUM(AE$2:AE14) -> 10895.043 | AG14: =AF$1391-AF14 -> 1162834.9
A15: 97199.92 | B15: 812.6282 | C15: 0.6 | D15: =A15-A14 -> 100 | E15: =(PI()/4*(42/12-(2*C57/12))^2)*(D15)*7.48 -> 6791.2437 | F15: =SUM(E$2:E15) -> 88111.532 | G15: =IF(C15=0.72,12,IF(C15=1,11,IF(C15=0.825,10,IF(C15=0.6,1,IF(C15=0.864,2,IF(C15=0.888,3)))))) -> 1 | H15: 1 | I15: =C15 -> 0.6 | J15: =VLOOKUP(G15,Inputs!$L$3:$P$15,5,FALSE) -> 2000 | K15: =IF(H15=1,1825,IF(H15=2,1825,2220)) -> 1825 | L15: =Inputs!$P$8-B15 -> 125.5628 | M15: =Inputs!$Q$8+L15*0.433 -> 1879.3687 | N15: =A15 -> 97199.92 | O15: =B15 -> 812.6282 | P15: =IF(O15="","",Inputs!$C$5-O15) -> 12.5563 | Q15: =IF(N15="","",TS!J15) -> 2000 | R15: =IF(N15="","",TS!K15) -> 1825 | S15: =Inputs!$H$5+TS!P15*0.4333 -> 1880.4064 | T15: =Inputs!$G$5+TS!P15*0.4333 -> 1895.4064 | U15: =T15/(140000*C15/42) -> 0.94770318 | V15: =O15-MAX(O15:O177) -> 0 | W15: =-(V15)*0.433 -> 0 | X15: =((PI()*((42-2*'Gen Calcs'!$E$13)^2)/4)/144)*(A58-#REF!)*(W15+14.7)/14.7 -> #REF! | Y15: =X15/1000 -> #REF! | Z15: =IF(Y15>Z14,Y15,Z14) -> #REF! | AA15: =MAX(B$2:B15)-B15 -> 12.5563 | AB15: =AA15*0.433 -> 5.4368779 | AC15: =((MAX(O$2:O$1348)-O15)-(MAX(O$2:O$1348)-O15))*0.433+AD15 -> 95.965019 | AD15: =(AD$2*AF$1391)/AG15 -> 95.965019 | AE15: =PI()*(((42-2*C15)/12)^2/4)*D15 -> 907.92028 | AF15: =SUM(AE$2:AE15) -> 11802.964 | AG15: =AF$1391-AF15 -> 1161926.9
A16: 97299.92 | B16: 811.2065 | C16: 0.6 | D16: =A16-A15 -> 100 | E16: =(PI()/4*(42/12-(2*C58/12))^2)*(D16)*7.48 -> 6791.2437 | F16: =SUM(E$2:E16) -> 94902.775 | G16: =IF(C16=0.72,12,IF(C16=1,11,IF(C16=0.825,10,IF(C16=0.6,1,IF(C16=0.864,2,IF(C16=0.888,3)))))) -> 1 | H16: 1 | I16: =C16 -> 0.6 | J16: =VLOOKUP(G16,Inputs!$L$3:$P$15,5,FALSE) -> 2000 | K16: =IF(H16=1,1825,IF(H16=2,1825,2220)) -> 1825 | L16: =Inputs!$P$8-B16 -> 126.9845 | M16: =Inputs!$Q$8+L16*0.433 -> 1879.9843 | N16: =A16 -> 97299.92 | O16: =B16 -> 811.2065 | P16: =IF(O16="","",Inputs!$C$5-O16) -> 13.978 | Q16: =IF(N16="","",TS!J16) -> 2000 | R16: =IF(N16="","",TS!K16) -> 1825 | S16: =Inputs!$H$5+TS!P16*0.4333 -> 1881.0224 | T16: =Inputs!$G$5+TS!P16*0.4333 -> 1896.0224 | U16: =T16/(140000*C16/42) -> 0.94801119 | V16: =O16-MAX(O16:O177) -> 0 | W16: =-(V16)*0.433 -> 0 | X16: =((PI()*((42-2*'Gen Calcs'!$E$13)^2)/4)/144)*(A59-#REF!)*(W16+14.7)/14.7 -> #REF! | Y16: =X16/1000 -> #REF! | Z16: =IF(Y16>Z15,Y16,Z15) -> #REF! | AA16: =MAX(B$2:B16)-B16 -> 13.978 | AB16: =AA16*0.433 -> 6.052474 | AC16: =((MAX(O$2:O$1348)-O16)-(MAX(O$2:O$1348)-O16))*0.433+AD16 -> 96.040064 | AD16: =(AD$2*AF$1391)/AG16 -> 96.040064 | AE16: =PI()*(((42-2*C16)/12)^2/4)*D16 -> 907.92028 | AF16: =SUM(AE$2:AE16) -> 12710.884 | AG16: =AF$1391-AF16 -> 1161019
A17: 97399.92 | B17: 808.8225 | C17: 0.6 | D17: =A17-A16 -> 100 | E17: =(PI()/4*(42/12-(2*C59/12))^2)*(D17)*7.48 -> 6791.2437 | F17: =SUM(E$2:E17) -> 101694.02 | G17: =IF(C17=0.72,12,IF(C17=1,11,IF(C17=0.825,10,IF(C17=0.6,1,IF(C17=0.864,2,IF(C17=0.888,3)))))) -> 1 | H17: 1 | I17: =C17 -> 0.6 | J17: =VLOOKUP(G17,Inputs!$L$3:$P$15,5,FALSE) -> 2000 | K17: =IF(H17=1,1825,IF(H17=2,1825,2220)) -> 1825 | L17: =Inputs!$P$8-B17 -> 129.3685 | M17: =Inputs!$Q$8+L17*0.433 -> 1881.0166 | N17: =A17 -> 97399.92 | O17: =B17 -> 808.8225 | P17: =IF(O17="","",Inputs!$C$5-O17) -> 16.362 | Q17: =IF(N17="","",TS!J17) -> 2000 | R17: =IF(N17="","",TS!K17) -> 1825 | S17: =Inputs!$H$5+TS!P17*0.4333 -> 1882.0554 | T17: =Inputs!$G$5+TS!P17*0.4333 -> 1897.0554 | U17: =T17/(140000*C17/42) -> 0.94852769 | V17: =O17-MAX(O17:O177) -> 0 | W17: =-(V17)*0.433 -> 0 | X17: =((PI()*((42-2*'Gen Calcs'!$E$13)^2)/4)/144)*(A60-#REF!)*(W17+14.7)/14.7 -> #REF! | Y17: =X17/1000 -> #REF! | Z17: =IF(Y17>Z16,Y17,Z16) -> #REF! | AA17: =MAX(B$2:B17)-B17 -> 16.362 | AB17: =AA17*0.433 -> 7.084746 | AC17: =((MAX(O$2:O$1348)-O17)-(MAX(O$2:O$1348)-O17))*0.433+AD17 -> 96.115226 | AD17: =(AD$2*AF$1391)/AG17 -> 96.115226 | AE17: =PI()*(((42-2*C17)/12)^2/4)*D17 -> 907.92028 | AF17: =SUM(AE$2:AE17) -> 13618.804 | AG17: =AF$1391-AF17 -> 1160111.1
A18: 97499.92 | B18: 806.5878 | C18: 0.6 | D18: =A18-A17 -> 100 | E18: =(PI()/4*(42/12-(2*C60/12))^2)*(D18)*7.48 -> 6791.2437 | F18: =SUM(E$2:E18) -> 108485.26 | G18: =IF(C18=0.72,12,IF(C18=1,11,IF(C18=0.825,10,IF(C18=0.6,1,IF(C18=0.864,2,IF(C18=0.888,3)))))) -> 1 | H18: 1 | I18: =C18 -> 0.6 | J18: =VLOOKUP(G18,Inputs!$L$3:$P$15,5,FALSE) -> 2000 | K18: =IF(H18=1,1825,IF(H18=2,1825,2220)) -> 1825 | L18: =Inputs!$P$8-B18 -> 131.6032 | M18: =Inputs!$Q$8+L18*0.433 -> 1881.9842 | N18: =A18 -> 97499.92 | O18: =B18 -> 806.5878 | P18: =IF(O18="","",Inputs!$C$5-O18) -> 18.5967 | Q18: =IF(N18="","",TS!J18) -> 2000 | R18: =IF(N18="","",TS!K18) -> 1825 | S18: =Inputs!$H$5+TS!P18*0.4333 -> 1883.0237 | T18: =Inputs!$G$5+TS!P18*0.4333 -> 1898.0237 | U18: =T18/(140000*C18/42) -> 0.94901183 | V18: =O18-MAX(O18:O177) -> 0 | W18: =-(V18)*0.433 -> 0 | X18: =((PI()*((42-2*'Gen Calcs'!$E$13)^2)/4)/144)*(A61-#REF!)*(W18+14.7)/14.7 -> #REF! | Y18: =X18/1000 -> #REF! | Z18: =IF(Y18>Z17,Y18,Z17) -> #REF! | AA18: =MAX(B$2:B18)-B18 -> 18.5967 | AB18: =AA18*0.433 -> 8.0523711 | AC18: =((MAX(O$2:O$1348)-O18)-(MAX(O$2:O$1348)-O18))*0.433+AD18 -> 96.190506 | AD18: =(AD$2*AF$1391)/AG18 -> 96.190506 | AE18: =PI()*(((42-2*C18)/12)^2/4)*D18 -> 907.92028 | AF18: =SUM(AE$2:AE18) -> 14526.724 | AG18: =AF$1391-AF18 -> 1159203.2
A19: 97599.92 | B19: 804.4325 | C19: 0.6 | D19: =A19-A18 -> 100 | E19: =(PI()/4*(42/12-(2*C61/12))^2)*(D19)*7.48 -> 6791.2437 | F19: =SUM(E$2:E19) -> 115276.51 | G19: =IF(C19=0.72,12,IF(C19=1,11,IF(C19=0.825,10,IF(C19=0.6,1,IF(C19=0.864,2,IF(C19=0.888,3)))))) -> 1 | H19: 1 | I19: =C19 -> 0.6 | J19: =VLOOKUP(G19,Inputs!$L$3:$P$15,5,FALSE) -> 2000 | K19: =IF(H19=1,1825,IF(H19=2,1825,2220)) -> 1825 | L19: =Inputs!$P$8-B19 -> 133.7585 | M19: =Inputs!$Q$8+L19*0.433 -> 1882.9174 | N19: =A19 -> 97599.92 | O19: =B19 -> 804.4325 | P19: =IF(O19="","",Inputs!$C$5-O19) -> 20.752 | Q19: =IF(N19="","",TS!J19) -> 2000 | R19: =IF(N19="","",TS!K19) -> 1825 | S19: =Inputs!$H$5+TS!P19*0.4333 -> 1883.9576 | T19: =Inputs!$G$5+TS!P19*0.4333 -> 1898.9576 | U19: =T19/(140000*C19/42) -> 0.94947878 | V19: =O19-MAX(O19:O177) -> 0 | W19: =-(V19)*0.433 -> 0 | X19: =((PI()*((42-2*'Gen Calcs'!$E$13)^2)/4)/144)*(A62-#REF!)*(W19+14.7)/14.7 -> #REF! | Y19: =X19/1000 -> #REF! | Z19: =IF(Y19>Z18,Y19,Z18) -> #REF! | AA19: =MAX(B$2:B19)-B19 -> 20.752 | AB19: =AA19*0.433 -> 8.985616 | AC19: =((MAX(O$2:O$1348)-O19)-(MAX(O$2:O$1348)-O19))*0.433+AD19 -> 96.265905 | AD19: =(AD$2*AF$1391)/AG19 -> 96.265905 | AE19: =PI()*(((42-2*C19)/12)^2/4)*D19 -> 907.92028 | AF19: =SUM(AE$2:AE19) -> 15434.645 | AG19: =AF$1391-AF19 -> 1158295.3
A20: 97699.92 | B20: 801.5164 | C20: 0.6 | D20: =A20-A19 -> 100 | E20: =(PI()/4*(42/12-(2*C62/12))^2)*(D20)*7.48 -> 6791.2437 | F20: =SUM(E$2:E20) -> 122067.75 | G20: =IF(C20=0.72,12,IF(C20=1,11,IF(C20=0.825,10,IF(C20=0.6,1,IF(C20=0.864,2,IF(C20=0.888,3)))))) -> 1 | H20: 1 | I20: =C20 -> 0.6 | J20: =VLOOKUP(G20,Inputs!$L$3:$P$15,5,FALSE) -> 2000 | K20: =IF(H20=1,1825,IF(H20=2,1825,2220)) -> 1825 | L20: =Inputs!$P$8-B20 -> 136.6746 | M20: =Inputs!$Q$8+L20*0.433 -> 1884.1801 | N20: =A20 -> 97699.92 | O20: =B20 -> 801.5164 | P20: =IF(O20="","",Inputs!$C$5-O20) -> 23.6681 | Q20: =IF(N20="","",TS!J20) -> 2000 | R20: =IF(N20="","",TS!K20) -> 1825 | S20: =Inputs!$H$5+TS!P20*0.4333 -> 1885.2211 | T20: =Inputs!$G$5+TS!P20*0.4333 -> 1900.2211 | U20: =T20/(140000*C20/42) -> 0.95011055 | V20: =O20-MAX(O20:O177) -> 0 | W20: =-(V20)*0.433 -> 0 | X20: =((PI()*((42-2*'Gen Calcs'!$E$13)^2)/4)/144)*(A63-#REF!)*(W20+14.7)/14.7 -> #REF! | Y20: =X20/1000 -> #REF! | Z20: =IF(Y20>Z19,Y20,Z19) -> #REF! | AA20: =MAX(B$2:B20)-B20 -> 23.6681 | AB20: =AA20*0.433 -> 10.248287 | AC20: =((MAX(O$2:O$1348)-O20)-(MAX(O$2:O$1348)-O20))*0.433+AD20 -> 96.341421 | AD20: =(AD$2*AF$1391)/AG20 -> 96.341421 | AE20: =PI()*(((42-2*C20)/12)^2/4)*D20 -> 907.92028 | AF20: =SUM(AE$2:AE20) -> 16342.565 | AG20: =AF$1391-AF20 -> 1157387.3
A21: 97799.92 | B21: 798.9809 | C21: 0.6 | D21: =A21-A20 -> 100 | E21: =(PI()/4*(42/12-(2*C63/12))^2)*(D21)*7.48 -> 6791.2437 | F21: =SUM(E$2:E21) -> 128858.99 | G21: =IF(C21=0.72,12,IF(C21=1,11,IF(C21=0.825,10,IF(C21=0.6,1,IF(C21=0.864,2,IF(C21=0.888,3)))))) -> 1 | H21: 1 | I21: =C21 -> 0.6 | J21: =VLOOKUP(G21,Inputs!$L$3:$P$15,5,FALSE) -> 2000 | K21: =IF(H21=1,1825,IF(H21=2,1825,2220)) -> 1825 | L21: =Inputs!$P$8-B21 -> 139.2101 | M21: =Inputs!$Q$8+L21*0.433 -> 1885.278 | N21: =A21 -> 97799.92 | O21: =B21 -> 798.9809 | P21: =IF(O21="","",Inputs!$C$5-O21) -> 26.2036 | Q21: =IF(N21="","",TS!J21) -> 2000 | R21: =IF(N21="","",TS!K21) -> 1825 | S21: =Inputs!$H$5+TS!P21*0.4333 -> 1886.3197 | T21: =Inputs!$G$5+TS!P21*0.4333 -> 1901.3197 | U21: =T21/(140000*C21/42) -> 0.95065987 | V21: =O21-MAX(O21:O177) -> 0 | W21: =-(V21)*0.433 -> 0 | X21: =((PI()*((42-2*'Gen Calcs'!$E$13)^2)/4)/144)*(A64-#REF!)*(W21+14.7)/14.7 -> #REF! | Y21: =X21/1000 -> #REF! | Z21: =IF(Y21>Z20,Y21,Z20) -> #REF! | AA21: =MAX(B$2:B21)-B21 -> 26.2036 | AB21: =AA21*0.433 -> 11.346159 | AC21: =((MAX(O$2:O$1348)-O21)-(MAX(O$2:O$1348)-O21))*0.433+AD21 -> 96.417056 | AD21: =(AD$2*AF$1391)/AG21 -> 96.417056 | AE21: =PI()*(((42-2*C21)/12)^2/4)*D21 -> 907.92028 | AF21: =SUM(AE$2:AE21) -> 17250.485 | AG21: =AF$1391-AF21 -> 1156479.4
A22: 97899.92 | B22: 790.8558 | C22: 0.6 | D22: =A22-A21 -> 100 | E22: =(PI()/4*(42/12-(2*C64/12))^2)*(D22)*7.48 -> 6791.2437 | F22: =SUM(E$2:E22) -> 135650.24 | G22: =IF(C22=0.72,12,IF(C22=1,11,IF(C22=0.825,10,IF(C22=0.6,1,IF(C22=0.864,2,IF(C22=0.888,3)))))) -> 1 | H22: 1 | I22: =C22 -> 0.6 | J22: =VLOOKUP(G22,Inputs!$L$3:$P$15,5,FALSE) -> 2000 | K22: =IF(H22=1,1825,IF(H22=2,1825,2220)) -> 1825 | L22: =Inputs!$P$8-B22 -> 147.3352 | M22: =Inputs!$Q$8+L22*0.433 -> 1888.7961 | N22: =A22 -> 97899.92 | O22: =B22 -> 790.8558 | P22: =IF(O22="","",Inputs!$C$5-O22) -> 34.3287 | Q22: =IF(N22="","",TS!J22) -> 2000 | R22: =IF(N22="","",TS!K22) -> 1825 | S22: =Inputs!$H$5+TS!P22*0.4333 -> 1889.8403 | T22: =Inputs!$G$5+TS!P22*0.4333 -> 1904.8403 | U22: =T22/(140000*C22/42) -> 0.95242017 | V22: =O22-MAX(O22:O177) -> 0 | W22: =-(V22)*0.433 -> 0 | X22: =((PI()*((42-2*'Gen Calcs'!$E$13)^2)/4)/144)*(A65-#REF!)*(W22+14.7)/14.7 -> #REF! | Y22: =X22/1000 -> #REF! | Z22: =IF(Y22>Z21,Y22,Z21) -> #REF! | AA22: =MAX(B$2:B22)-B22 -> 34.3287 | AB22: =AA22*0.433 -> 14.864327 | AC22: =((MAX(O$2:O$1348)-O22)-(MAX(O$2:O$1348)-O22))*0.433+AD22 -> 96.49281 | AD22: =(AD$2*AF$1391)/AG22 -> 96.49281 | AE22: =PI()*(((42-2*C22)/12)^2/4)*D22 -> 907.92028 | AF22: =SUM(AE$2:AE22) -> 18158.406 | AG22: =AF$1391-AF22 -> 1155571.5
A23: 97999.92 | B23: 777.3192 | C23: 0.6 | D23: =A23-A22 -> 100 | E23: =(PI()/4*(42/12-(2*C65/12))^2)*(D23)*7.48 -> 6791.2437 | F23: =SUM(E$2:E23) -> 142441.48 | G23: =IF(C23=0.72,12,IF(C23=1,11,IF(C23=0.825,10,IF(C23=0.6,1,IF(C23=0.864,2,IF(C23=0.888,3)))))) -> 1 | H23: 1 | I23: =C23 -> 0.6 | J23: =VLOOKUP(G23,Inputs!$L$3:$P$15,5,FALSE) -> 2000 | K23: =IF(H23=1,1825,IF(H23=2,1825,2220)) -> 1825 | L23: =Inputs!$P$8-B23 -> 160.8718 | M23: =Inputs!$Q$8+L23*0.433 -> 1894.6575 | N23: =A23 -> 97999.92 | O23: =B23 -> 777.3192 | P23: =IF(O23="","",Inputs!$C$5-O23) -> 47.8653 | Q23: =IF(N23="","",TS!J23) -> 2000 | R23: =IF(N23="","",TS!K23) -> 1825 | S23: =Inputs!$H$5+TS!P23*0.4333 -> 1895.7058 | T23: =Inputs!$G$5+TS!P23*0.4333 -> 1910.7058 | U23: =T23/(140000*C23/42) -> 0.95535288 | V23: =O23-MAX(O23:O177) -> 0 | W23: =-(V23)*0.433 -> 0 | X23: =((PI()*((42-2*'Gen Calcs'!$E$13)^2)/4)/144)*(A66-#REF!)*(W23+14.7)/14.7 -> #REF! | Y23: =X23/1000 -> #REF! | Z23: =IF(Y23>Z22,Y23,Z22) -> #REF! | AA23: =MAX(B$2:B23)-B23 -> 47.8653 | AB23: =AA23*0.433 -> 20.725675 | AC23: =((MAX(O$2:O$1348)-O23)-(MAX(O$2:O$1348)-O23))*0.433+AD23 -> 96.568683 | AD23: =(AD$2*AF$1391)/AG23 -> 96.568683 | AE23: =PI()*(((42-2*C23)/12)^2/4)*D23 -> 907.92028 | AF23: =SUM(AE$2:AE23) -> 19066.326 | AG23: =AF$1391-AF23 -> 1154663.6
A24: 98099.92 | B24: 752.5068 | C24: 0.6 | D24: =A24-A23 -> 100 | E24: =(PI()/4*(42/12-(2*C66/12))^2)*(D24)*7.48 -> 6616.6077 | F24: =SUM(E$2:E24) -> 149058.09 | G24: =IF(C24=0.72,12,IF(C24=1,11,IF(C24=0.825,10,IF(C24=0.6,1,IF(C24=0.864,2,IF(C24=0.888,3)))))) -> 1 | H24: 1 | I24: =C24 -> 0.6 | J24: =VLOOKUP(G24,Inputs!$L$3:$P$15,5,FALSE) -> 2000 | K24: =IF(H24=1,1825,IF(H24=2,1825,2220)) -> 1825 | L24: =Inputs!$P$8-B24 -> 185.6842 | M24: =Inputs!$Q$8+L24*0.433 -> 1905.4013 | N24: =A24 -> 98099.92 | O24: =B24 -> 752.5068 | P24: =IF(O24="","",Inputs!$C$5-O24) -> 72.6777 | Q24: =IF(N24="","",TS!J24) -> 2000 | R24: =IF(N24="","",TS!K24) -> 1825 | S24: =Inputs!$H$5+TS!P24*0.4333 -> 1906.457 | T24: =Inputs!$G$5+TS!P24*0.4333 -> 1921.457 | U24: =T24/(140000*C24/42) -> 0.96072848 | V24: =O24-MAX(O24:O177) -> 0 | W24: =-(V24)*0.433 -> 0 | X24: =((PI()*((42-2*'Gen Calcs'!$E$13)^2)/4)/144)*(A67-#REF!)*(W24+14.7)/14.7 -> #REF! | Y24: =X24/1000 -> #REF! | Z24: =IF(Y24>Z23,Y24,Z23) -> #REF! | AA24: =MAX(B$2:B24)-B24 -> 72.6777 | AB24: =AA24*0.433 -> 31.469444 | AC24: =((MAX(O$2:O$1348)-O24)-(MAX(O$2:O$1348)-O24))*0.433+AD24 -> 96.644675 | AD24: =(AD$2*AF$1391)/AG24 -> 96.644675 | AE24: =PI()*(((42-2*C24)/12)^2/4)*D24 -> 907.92028 | AF24: =SUM(AE$2:AE24) -> 19974.246 | AG24: =AF$1391-AF24 -> 1153755.7
A25: 98199.92 | B25: 743.8488 | C25: 0.6 | D25: =A25-A24 -> 100 | E25: =(PI()/4*(42/12-(2*C67/12))^2)*(D25)*7.48 -> 6791.2437 | F25: =SUM(E$2:E25) -> 155849.33 | G25: =IF(C25=0.72,12,IF(C25=1,11,IF(C25=0.825,10,IF(C25=0.6,1,IF(C25=0.864,2,IF(C25=0.888,3)))))) -> 1 | H25: 1 | I25: =C25 -> 0.6 | J25: =VLOOKUP(G25,Inputs!$L$3:$P$15,5,FALSE) -> 2000 | K25: =IF(H25=1,1825,IF(H25=2,1825,2220)) -> 1825 | L25: =Inputs!$P$8-B25 -> 194.3422 | M25: =Inputs!$Q$8+L25*0.433 -> 1909.1502 | N25: =A25 -> 98199.92 | O25: =B25 -> 743.8488 | P25: =IF(O25="","",Inputs!$C$5-O25) -> 81.3357 | Q25: =IF(N25="","",TS!J25) -> 2000 | R25: =IF(N25="","",TS!K25) -> 1825 | S25: =Inputs!$H$5+TS!P25*0.4333 -> 1910.2085 | T25: =Inputs!$G$5+TS!P25*0.4333 -> 1925.2085 | U25: =T25/(140000*C25/42) -> 0.96260424 | V25: =O25-MAX(O25:O177) -> 0 | W25: =-(V25)*0.433 -> 0 | X25: =((PI()*((42-2*'Gen Calcs'!$E$13)^2)/4)/144)*(A68-#REF!)*(W25+14.7)/14.7 -> #REF! | Y25: =X25/1000 -> #REF! | Z25: =IF(Y25>Z24,Y25,Z24) -> #REF! | AA25: =MAX(B$2:B25)-B25 -> 81.3357 | AB25: =AA25*0.433 -> 35.218358 | AC25: =((MAX(O$2:O$1348)-O25)-(MAX(O$2:O$1348)-O25))*0.433+AD25 -> 96.720787 | AD25: =(AD$2*AF$1391)/AG25 -> 96.720787 | AE25: =PI()*(((42-2*C25)/12)^2/4)*D25 -> 907.92028 | AF25: =SUM(AE$2:AE25) -> 20882.166 | AG25: =AF$1391-AF25 -> 1152847.7
A26: 98299.92 | B26: 733.6733 | C26: 0.6 | D26: =A26-A25 -> 100 | E26: =(PI()/4*(42/12-(2*C68/12))^2)*(D26)*7.48 -> 6791.2437 | F26: =SUM(E$2:E26) -> 162640.58 | G26: =IF(C26=0.72,12,IF(C26=1,11,IF(C26=0.825,10,IF(C26=0.6,1,IF(C26=0.864,2,IF(C26=0.888,3)))))) -> 1 | H26: 1 | I26: =C26 -> 0.6 | J26: =VLOOKUP(G26,Inputs!$L$3:$P$15,5,FALSE) -> 2000 | K26: =IF(H26=1,1825,IF(H26=2,1825,2220)) -> 1825 | L26: =Inputs!$P$8-B26 -> 204.5177 | M26: =Inputs!$Q$8+L26*0.433 -> 1913.5562 | N26: =A26 -> 98299.92 | O26: =B26 -> 733.6733 | P26: =IF(O26="","",Inputs!$C$5-O26) -> 91.5112 | Q26: =IF(N26="","",TS!J26) -> 2000 | R26: =IF(N26="","",TS!K26) -> 1825 | S26: =Inputs!$H$5+TS!P26*0.4333 -> 1914.6175 | T26: =Inputs!$G$5+TS!P26*0.4333 -> 1929.6175 | U26: =T26/(140000*C26/42) -> 0.96480876 | V26: =O26-MAX(O26:O177) -> 0 | W26: =-(V26)*0.433 -> 0 | X26: =((PI()*((42-2*'Gen Calcs'!$E$13)^2)/4)/144)*(A69-#REF!)*(W26+14.7)/14.7 -> #REF! | Y26: =X26/1000 -> #REF! | Z26: =IF(Y26>Z25,Y26,Z25) -> #REF! | AA26: =MAX(B$2:B26)-B26 -> 91.5112 | AB26: =AA26*0.433 -> 39.62435 | AC26: =((MAX(O$2:O$1348)-O26)-(MAX(O$2:O$1348)-O26))*0.433+AD26 -> 96.797019 | AD26: =(AD$2*AF$1391)/AG26 -> 96.797019 | AE26: =PI()*(((42-2*C26)/12)^2/4)*D26 -> 907.92028 | AF26: =SUM(AE$2:AE26) -> 21790.087 | AG26: =AF$1391-AF26 -> 1151939.8
A27: 98399.92 | B27: 713.5777 | C27: 0.6 | D27: =A27-A26 -> 100 | E27: =(PI()/4*(42/12-(2*C69/12))^2)*(D27)*7.48 -> 6791.2437 | F27: =SUM(E$2:E27) -> 169431.82 | G27: =IF(C27=0.72,12,IF(C27=1,11,IF(C27=0.825,10,IF(C27=0.6,1,IF(C27=0.864,2,IF(C27=0.888,3)))))) -> 1 | H27: 1 | I27: =C27 -> 0.6 | J27: =VLOOKUP(G27,Inputs!$L$3:$P$15,5,FALSE) -> 2000 | K27: =IF(H27=1,1825,IF(H27=2,1825,2220)) -> 1825 | L27: =Inputs!$P$8-B27 -> 224.6133 | M27: =Inputs!$Q$8+L27*0.433 -> 1922.2576 | N27: =A27 -> 98399.92 | O27: =B27 -> 713.5777 | P27: =IF(O27="","",Inputs!$C$5-O27) -> 111.6068 | Q27: =IF(N27="","",TS!J27) -> 2000 | R27: =IF(N27="","",TS!K27) -> 1825 | S27: =Inputs!$H$5+TS!P27*0.4333 -> 1923.3249 | T27: =Inputs!$G$5+TS!P27*0.4333 -> 1938.3249 | U27: =T27/(140000*C27/42) -> 0.96916247 | V27: =O27-MAX(O27:O177) -> 0 | W27: =-(V27)*0.433 -> 0 | X27: =((PI()*((42-2*'Gen Calcs'!$E$13)^2)/4)/144)*(A70-#REF!)*(W27+14.7)/14.7 -> #REF! | Y27: =X27/1000 -> #REF! | Z27: =IF(Y27>Z26,Y27,Z26) -> #REF! | AA27: =MAX(B$2:B27)-B27 -> 111.6068 | AB27: =AA27*0.433 -> 48.325744 | AC27: =((MAX(O$2:O$1348)-O27)-(MAX(O$2:O$1348)-O27))*0.433+AD27 -> 96.873372 | AD27: =(AD$2*AF$1391)/AG27 -> 96.873372 | AE27: =PI()*(((42-2*C27)/12)^2/4)*D27 -> 907.92028 | AF27: =SUM(AE$2:AE27) -> 22698.007 | AG27: =AF$1391-AF27 -> 1151031.9
A28: 98499.92 | B28: 701.03 | C28: 0.6 | D28: =A28-A27 -> 100 | E28: =(PI()/4*(42/12-(2*C70/12))^2)*(D28)*7.48 -> 6791.2437 | F28: =SUM(E$2:E28) -> 176223.06 | G28: =IF(C28=0.72,12,IF(C28=1,11,IF(C28=0.825,10,IF(C28=0.6,1,IF(C28=0.864,2,IF(C28=0.888,3)))))) -> 1 | H28: 1 | I28: =C28 -> 0.6 | J28: =VLOOKUP(G28,Inputs!$L$3:$P$15,5,FALSE) -> 2000 | K28: =IF(H28=1,1825,IF(H28=2,1825,2220)) -> 1825 | L28: =Inputs!$P$8-B28 -> 237.161 | M28: =Inputs!$Q$8+L28*0.433 -> 1927.6907 | N28: =A28 -> 98499.92 | O28: =B28 -> 701.03 | P28: =IF(O28="","",Inputs!$C$5-O28) -> 124.1545 | Q28: =IF(N28="","",TS!J28) -> 2000 | R28: =IF(N28="","",TS!K28) -> 1825 | S28: =Inputs!$H$5+TS!P28*0.4333 -> 1928.7619 | T28: =Inputs!$G$5+TS!P28*0.4333 -> 1943.7619 | U28: =T28/(140000*C28/42) -> 0.97188093 | V28: =O28-MAX(O28:O177) -> 0 | W28: =-(V28)*0.433 -> 0 | X28: =((PI()*((42-2*'Gen Calcs'!$E$13)^2)/4)/144)*(A71-#REF!)*(W28+14.7)/14.7 -> #REF! | Y28: =X28/1000 -> #REF! | Z28: =IF(Y28>Z27,Y28,Z27) -> #REF! | AA28: =MAX(B$2:B28)-B28 -> 124.1545 | AB28: =AA28*0.433 -> 53.758898 | AC28: =((MAX(O$2:O$1348)-O28)-(MAX(O$2:O$1348)-O28))*0.433+AD28 -> 96.949845 | AD28: =(AD$2*AF$1391)/AG28 -> 96.949845 | AE28: =PI()*(((42-2*C28)/12)^2/4)*D28 -> 907.92028 | AF28: =SUM(AE$2:AE28) -> 23605.927 | AG28: =AF$1391-AF28 -> 1150124
A29: 98599.92 | B29: 693.1732 | C29: 0.6 | D29: =A29-A28 -> 100 | E29: =(PI()/4*(42/12-(2*C71/12))^2)*(D29)*7.48 -> 6791.2437 | F29: =SUM(E$2:E29) -> 183014.31 | G29: =IF(C29=0.72,12,IF(C29=1,11,IF(C29=0.825,10,IF(C29=0.6,1,IF(C29=0.864,2,IF(C29=0.888,3)))))) -> 1 | H29: 1 | I29: =C29 -> 0.6 | J29: =VLOOKUP(G29,Inputs!$L$3:$P$15,5,FALSE) -> 2000 | K29: =IF(H29=1,1825,IF(H29=2,1825,2220)) -> 1825 | L29: =Inputs!$P$8-B29 -> 245.0178 | M29: =Inputs!$Q$8+L29*0.433 -> 1931.0927 | N29: =A29 -> 98599.92 | O29: =B29 -> 693.1732 | P29: =IF(O29="","",Inputs!$C$5-O29) -> 132.0113 | Q29: =IF(N29="","",TS!J29) -> 2000 | R29: =IF(N29="","",TS!K29) -> 1825 | S29: =Inputs!$H$5+TS!P29*0.4333 -> 1932.1662 | T29: =Inputs!$G$5+TS!P29*0.4333 -> 1947.1662 | U29: =T29/(140000*C29/42) -> 0.97358311 | V29: =O29-MAX(O29:O177) -> -1.0227 | W29: =-(V29)*0.433 -> 0.4428291 | X29: =((PI()*((42-2*'Gen Calcs'!$E$13)^2)/4)/144)*(A72-#REF!)*(W29+14.7)/14.7 -> #REF! | Y29: =X29/1000 -> #REF! | Z29: =IF(Y29>Z28,Y29,Z28) -> #REF! | AA29: =MAX(B$2:B29)-B29 -> 132.0113 | AB29: =AA29*0.433 -> 57.160893 | AC29: =((MAX(O$2:O$1348)-O29)-(MAX(O$2:O$1348)-O29))*0.433+AD29 -> 97.026438 | AD29: =(AD$2*AF$1391)/AG29 -> 97.026438 | AE29: =PI()*(((42-2*C29)/12)^2/4)*D29 -> 907.92028 | AF29: =SUM(AE$2:AE29) -> 24513.847 | AG29: =AF$1391-AF29 -> 1149216.1
A30: 98699.92 | B30: 685.2826 | C30: 0.6 | D30: =A30-A29 -> 100 | E30: =(PI()/4*(42/12-(2*C72/12))^2)*(D30)*7.48 -> 6791.2437 | F30: =SUM(E$2:E30) -> 189805.55 | G30: =IF(C30=0.72,12,IF(C30=1,11,IF(C30=0.825,10,IF(C30=0.6,1,IF(C30=0.864,2,IF(C30=0.888,3)))))) -> 1 | H30: 1 | I30: =C30 -> 0.6 | J30: =VLOOKUP(G30,Inputs!$L$3:$P$15,5,FALSE) -> 2000 | K30: =IF(H30=1,1825,IF(H30=2,1825,2220)) -> 1825 | L30: =Inputs!$P$8-B30 -> 252.9084 | M30: =Inputs!$Q$8+L30*0.433 -> 1934.5093 | N30: =A30 -> 98699.92 | O30: =B30 -> 685.2826 | P30: =IF(O30="","",Inputs!$C$5-O30) -> 139.9019 | Q30: =IF(N30="","",TS!J30) -> 2000 | R30: =IF(N30="","",TS!K30) -> 1825 | S30: =Inputs!$H$5+TS!P30*0.4333 -> 1935.5852 | T30: =Inputs!$G$5+TS!P30*0.4333 -> 1950.5852 | U30: =T30/(140000*C30/42) -> 0.9752926 | V30: =O30-MAX(O30:O177) -> -8.9133 | W30: =-(V30)*0.433 -> 3.8594589 | X30: =((PI()*((42-2*'Gen Calcs'!$E$13)^2)/4)/144)*(A73-#REF!)*(W30+14.7)/14.7 -> #REF! | Y30: =X30/1000 -> #REF! | Z30: =IF(Y30>Z29,Y30,Z29) -> #REF! | AA30: =MAX(B$2:B30)-B30 -> 139.9019 | AB30: =AA30*0.433 -> 60.577523 | AC30: =((MAX(O$2:O$1348)-O30)-(MAX(O$2:O$1348)-O30))*0.433+AD30 -> 97.103153 | AD30: =(AD$2*AF$1391)/AG30 -> 97.103153 | AE30: =PI()*(((42-2*C30)/12)^2/4)*D30 -> 907.92028 | AF30: =SUM(AE$2:AE30) -> 25421.768 | AG30: =AF$1391-AF30 -> 1148308.1
A31: 98799.92 | B31: 682.066 | C31: 0.6 | D31: =A31-A30 -> 100 | E31: =(PI()/4*(42/12-(2*C73/12))^2)*(D31)*7.48 -> 6791.2437 | F31: =SUM(E$2:E31) -> 196596.79 | G31: =IF(C31=0.72,12,IF(C31=1,11,IF(C31=0.825,10,IF(C31=0.6,1,IF(C31=0.864,2,IF(C31=0.888,3)))))) -> 1 | H31: 1 | I31: =C31 -> 0.6 | J31: =VLOOKUP(G31,Inputs!$L$3:$P$15,5,FALSE) -> 2000 | K31: =IF(H31=1,1825,IF(H31=2,1825,2220)) -> 1825 | L31: =Inputs!$P$8-B31 -> 256.125 | M31: =Inputs!$Q$8+L31*0.433 -> 1935.9021 | N31: =A31 -> 98799.92 | O31: =B31 -> 682.066 | P31: =IF(O31="","",Inputs!$C$5-O31) -> 143.1185 | Q31: =IF(N31="","",TS!J31) -> 2000 | R31: =IF(N31="","",TS!K31) -> 1825 | S31: =Inputs!$H$5+TS!P31*0.4333 -> 1936.979 | T31: =Inputs!$G$5+TS!P31*0.4333 -> 1951.979 | U31: =T31/(140000*C31/42) -> 0.97598948 | V31: =O31-MAX(O31:O177) -> -12.1299 | W31: =-(V31)*0.433 -> 5.2522467 | X31: =((PI()*((42-2*'Gen Calcs'!$E$13)^2)/4)/144)*(A74-#REF!)*(W31+14.7)/14.7 -> #REF! | Y31: =X31/1000 -> #REF! | Z31: =IF(Y31>Z30,Y31,Z30) -> #REF! | AA31: =MAX(B$2:B31)-B31 -> 143.1185 | AB31: =AA31*0.433 -> 61.97031 | AC31: =((MAX(O$2:O$1348)-O31)-(MAX(O$2:O$1348)-O31))*0.433+AD31 -> 97.179989 | AD31: =(AD$2*AF$1391)/AG31 -> 97.179989 | AE31: =PI()*(((42-2*C31)/12)^2/4)*D31 -> 907.92028 | AF31: =SUM(AE$2:AE31) -> 26329.688 | AG31: =AF$1391-AF31 -> 1147400.2
A32: 98899.92 | B32: 675.8824 | C32: 0.6 | D32: =A32-A31 -> 100 | E32: =(PI()/4*(42/12-(2*C74/12))^2)*(D32)*7.48 -> 6791.2437 | F32: =SUM(E$2:E32) -> 203388.04 | G32: =IF(C32=0.72,12,IF(C32=1,11,IF(C32=0.825,10,IF(C32=0.6,1,IF(C32=0.864,2,IF(C32=0.888,3)))))) -> 1 | H32: 1 | I32: =C32 -> 0.6 | J32: =VLOOKUP(G32,Inputs!$L$3:$P$15,5,FALSE) -> 2000 | K32: =IF(H32=1,1825,IF(H32=2,1825,2220)) -> 1825 | L32: =Inputs!$P$8-B32 -> 262.3086 | M32: =Inputs!$Q$8+L32*0.433 -> 1938.5796 | N32: =A32 -> 98899.92 | O32: =B32 -> 675.8824 | P32: =IF(O32="","",Inputs!$C$5-O32) -> 149.3021 | Q32: =IF(N32="","",TS!J32) -> 2000 | R32: =IF(N32="","",TS!K32) -> 1825 | S32: =Inputs!$H$5+TS!P32*0.4333 -> 1939.6583 | T32: =Inputs!$G$5+TS!P32*0.4333 -> 1954.6583 | U32: =T32/(140000*C32/42) -> 0.97732916 | V32: =O32-MAX(O32:O177) -> -18.3135 | W32: =-(V32)*0.433 -> 7.9297455 | X32: =((PI()*((42-2*'Gen Calcs'!$E$13)^2)/4)/144)*(A75-#REF!)*(W32+14.7)/14.7 -> #REF! | Y32: =X32/1000 -> #REF! | Z32: =IF(Y32>Z31,Y32,Z31) -> #REF! | AA32: =MAX(B$2:B32)-B32 -> 149.3021 | AB32: =AA32*0.433 -> 64.647809 | AC32: =((MAX(O$2:O$1348)-O32)-(MAX(O$2:O$1348)-O32))*0.433+AD32 -> 97.256947 | AD32: =(AD$2*AF$1391)/AG32 -> 97.256947 | AE32: =PI()*(((42-2*C32)/12)^2/4)*D32 -> 907.92028 | AF32: =SUM(AE$2:AE32) -> 27237.608 | AG32: =AF$1391-AF32 -> 1146492.3
A33: 98999.92 | B33: 686.3181 | C33: 0.6 | D33: =A33-A32 -> 100 | E33: =(PI()/4*(42/12-(2*C75/12))^2)*(D33)*7.48 -> 6791.2437 | F33: =SUM(E$2:E33) -> 210179.28 | G33: =IF(C33=0.72,12,IF(C33=1,11,IF(C33=0.825,10,IF(C33=0.6,1,IF(C33=0.864,2,IF(C33=0.888,3)))))) -> 1 | H33: 1 | I33: =C33 -> 0.6 | J33: =VLOOKUP(G33,Inputs!$L$3:$P$15,5,FALSE) -> 2000 | K33: =IF(H33=1,1825,IF(H33=2,1825,2220)) -> 1825 | L33: =Inputs!$P$8-B33 -> 251.8729 | M33: =Inputs!$Q$8+L33*0.433 -> 1934.061 | N33: =A33 -> 98999.92 | O33: =B33 -> 686.3181 | P33: =IF(O33="","",Inputs!$C$5-O33) -> 138.8664 | Q33: =IF(N33="","",TS!J33) -> 2000 | R33: =IF(N33="","",TS!K33) -> 1825 | S33: =Inputs!$H$5+TS!P33*0.4333 -> 1935.1365 | T33: =Inputs!$G$5+TS!P33*0.4333 -> 1950.1365 | U33: =T33/(140000*C33/42) -> 0.97506826 | V33: =O33-MAX(O33:O177) -> -7.8778 | W33: =-(V33)*0.433 -> 3.4110874 | X33: =((PI()*((42-2*'Gen Calcs'!$E$13)^2)/4)/144)*(A76-#REF!)*(W33+14.7)/14.7 -> #REF! | Y33: =X33/1000 -> #REF! | Z33: =IF(Y33>Z32,Y33,Z32) -> #REF! | AA33: =MAX(B$2:B33)-B33 -> 138.8664 | AB33: =AA33*0.433 -> 60.129151 | AC33: =((MAX(O$2:O$1348)-O33)-(MAX(O$2:O$1348)-O33))*0.433+AD33 -> 97.334027 | AD33: =(AD$2*AF$1391)/AG33 -> 97.334027 | AE33: =PI()*(((42-2*C33)/12)^2/4)*D33 -> 907.92028 | AF33: =SUM(AE$2:AE33) -> 28145.529 | AG33: =AF$1391-AF33 -> 1145584.4
A34: 99099.92 | B34: 690.9545 | C34: 0.6 | D34: =A34-A33 -> 100 | E34: =(PI()/4*(42/12-(2*C76/12))^2)*(D34)*7.48 -> 6791.2437 | F34: =SUM(E$2:E34) -> 216970.53 | G34: =IF(C34=0.72,12,IF(C34=1,11,IF(C34=0.825,10,IF(C34=0.6,1,IF(C34=0.864,2,IF(C34=0.888,3)))))) -> 1 | H34: 1 | I34: =C34 -> 0.6 | J34: =VLOOKUP(G34,Inputs!$L$3:$P$15,5,FALSE) -> 2000 | K34: =IF(H34=1,1825,IF(H34=2,1825,2220)) -> 1825 | L34: =Inputs!$P$8-B34 -> 247.2365 | M34: =Inputs!$Q$8+L34*0.433 -> 1932.0534 | N34: =A34 -> 99099.92 | O34: =B34 -> 690.9545 | P34: =IF(O34="","",Inputs!$C$5-O34) -> 134.23 | Q34: =IF(N34="","",TS!J34) -> 2000 | R34: =IF(N34="","",TS!K34) -> 1825 | S34: =Inputs!$H$5+TS!P34*0.4333 -> 1933.1276 | T34: =Inputs!$G$5+TS!P34*0.4333 -> 1948.1276 | U34: =T34/(140000*C34/42) -> 0.97406379 | V34: =O34-MAX(O34:O177) -> -3.2414 | W34: =-(V34)*0.433 -> 1.4035262 | X34: =((PI()*((42-2*'Gen Calcs'!$E$13)^2)/4)/144)*(A77-#REF!)*(W34+14.7)/14.7 -> #REF! | Y34: =X34/1000 -> #REF! | Z34: =IF(Y34>Z33,Y34,Z33) -> #REF! | AA34: =MAX(B$2:B34)-B34 -> 134.23 | AB34: =AA34*0.433 -> 58.12159 | AC34: =((MAX(O$2:O$1348)-O34)-(MAX(O$2:O$1348)-O34))*0.433+AD34 -> 97.41123 | AD34: =(AD$2*AF$1391)/AG34 -> 97.41123 | AE34: =PI()*(((42-2*C34)/12)^2/4)*D34 -> 907.92028 | AF34: =SUM(AE$2:AE34) -> 29053.449 | AG34: =AF$1391-AF34 -> 1144676.5
A35: 99199.92 | B35: 691.3853 | C35: 0.6 | D35: =A35-A34 -> 100 | E35: =(PI()/4*(42/12-(2*C77/12))^2)*(D35)*7.48 -> 6791.2437 | F35: =SUM(E$2:E35) -> 223761.77 | G35: =IF(C35=0.72,12,IF(C35=1,11,IF(C35=0.825,10,IF(C35=0.6,1,IF(C35=0.864,2,IF(C35=0.888,3)))))) -> 1 | H35: 1 | I35: =C35 -> 0.6 | J35: =VLOOKUP(G35,Inputs!$L$3:$P$15,5,FALSE) -> 2000 | K35: =IF(H35=1,1825,IF(H35=2,1825,2220)) -> 1825 | L35: =Inputs!$P$8-B35 -> 246.8057 | M35: =Inputs!$Q$8+L35*0.433 -> 1931.8669 | N35: =A35 -> 99199.92 | O35: =B35 -> 691.3853 | P35: =IF(O35="","",Inputs!$C$5-O35) -> 133.7992 | Q35: =IF(N35="","",TS!J35) -> 2000 | R35: =IF(N35="","",TS!K35) -> 1825 | S35: =Inputs!$H$5+TS!P35*0.4333 -> 1932.9409 | T35: =Inputs!$G$5+TS!P35*0.4333 -> 1947.9409 | U35: =T35/(140000*C35/42) -> 0.97397045 | V35: =O35-MAX(O35:O177) -> -2.8106 | W35: =-(V35)*0.433 -> 1.2169898 | X35: =((PI()*((42-2*'Gen Calcs'!$E$13)^2)/4)/144)*(A78-#REF!)*(W35+14.7)/14.7 -> #REF! | Y35: =X35/1000 -> #REF! | Z35: =IF(Y35>Z34,Y35,Z34) -> #REF! | AA35: =MAX(B$2:B35)-B35 -> 133.7992 | AB35: =AA35*0.433 -> 57.935054 | AC35: =((MAX(O$2:O$1348)-O35)-(MAX(O$2:O$1348)-O35))*0.433+AD35 -> 97.488554 | AD35: =(AD$2*AF$1391)/AG35 -> 97.488554 | AE35: =PI()*(((42-2*C35)/12)^2/4)*D35 -> 907.92028 | AF35: =SUM(AE$2:AE35) -> 29961.369 | AG35: =AF$1391-AF35 -> 1143768.5
A36: 99299.92 | B36: 694.1959 | C36: 0.6 | D36: =A36-A35 -> 100 | E36: =(PI()/4*(42/12-(2*C78/12))^2)*(D36)*7.48 -> 6791.2437 | F36: =SUM(E$2:E36) -> 230553.01 | G36: =IF(C36=0.72,12,IF(C36=1,11,IF(C36=0.825,10,IF(C36=0.6,1,IF(C36=0.864,2,IF(C36=0.888,3)))))) -> 1 | H36: 1 | I36: =C36 -> 0.6 | J36: =VLOOKUP(G36,Inputs!$L$3:$P$15,5,FALSE) -> 2000 | K36: =IF(H36=1,1825,IF(H36=2,1825,2220)) -> 1825 | L36: =Inputs!$P$8-B36 -> 243.9951 | M36: =Inputs!$Q$8+L36*0.433 -> 1930.6499 | N36: =A36 -> 99299.92 | O36: =B36 -> 694.1959 | P36: =IF(O36="","",Inputs!$C$5-O36) -> 130.9886 | Q36: =IF(N36="","",TS!J36) -> 2000 | R36: =IF(N36="","",TS!K36) -> 1825 | S36: =Inputs!$H$5+TS!P36*0.4333 -> 1931.7231 | T36: =Inputs!$G$5+TS!P36*0.4333 -> 1946.7231 | U36: =T36/(140000*C36/42) -> 0.97336154 | V36: =O36-MAX(O36:O177) -> 0 | W36: =-(V36)*0.433 -> 0 | X36: =((PI()*((42-2*'Gen Calcs'!$E$13)^2)/4)/144)*(A79-#REF!)*(W36+14.7)/14.7 -> #REF! | Y36: =X36/1000 -> #REF! | Z36: =IF(Y36>Z35,Y36,Z35) -> #REF! | AA36: =MAX(B$2:B36)-B36 -> 130.9886 | AB36: =AA36*0.433 -> 56.718064 | AC36: =((MAX(O$2:O$1348)-O36)-(MAX(O$2:O$1348)-O36))*0.433+AD36 -> 97.566002 | AD36: =(AD$2*AF$1391)/AG36 -> 97.566002 | AE36: =PI()*(((42-2*C36)/12)^2/4)*D36 -> 907.92028 | AF36: =SUM(AE$2:AE36) -> 30869.289 | AG36: =AF$1391-AF36 -> 1142860.6
A37: 99399.92 | B37: 690.2778 | C37: 0.6 | D37: =A37-A36 -> 100 | E37: =(PI()/4*(42/12-(2*C79/12))^2)*(D37)*7.48 -> 6791.2437 | F37: =SUM(E$2:E37) -> 237344.26 | G37: =IF(C37=0.72,12,IF(C37=1,11,IF(C37=0.825,10,IF(C37=0.6,1,IF(C37=0.864,2,IF(C37=0.888,3)))))) -> 1 | H37: 1 | I37: =C37 -> 0.6 | J37: =VLOOKUP(G37,Inputs!$L$3:$P$15,5,FALSE) -> 2000 | K37: =IF(H37=1,1825,IF(H37=2,1825,2220)) -> 1825 | L37: =Inputs!$P$8-B37 -> 247.9132 | M37: =Inputs!$Q$8+L37*0.433 -> 1932.3464 | N37: =A37 -> 99399.92 | O37: =B37 -> 690.2778 | P37: =IF(O37="","",Inputs!$C$5-O37) -> 134.9067 | Q37: =IF(N37="","",TS!J37) -> 2000 | R37: =IF(N37="","",TS!K37) -> 1825 | S37: =Inputs!$H$5+TS!P37*0.4333 -> 1933.4208 | T37: =Inputs!$G$5+TS!P37*0.4333 -> 1948.4208 | U37: =T37/(140000*C37/42) -> 0.97421039 | V37: =O37-MAX(O37:O177) -> 0 | W37: =-(V37)*0.433 -> 0 | X37: =((PI()*((42-2*'Gen Calcs'!$E$13)^2)/4)/144)*(A80-#REF!)*(W37+14.7)/14.7 -> #REF! | Y37: =X37/1000 -> #REF! | Z37: =IF(Y37>Z36,Y37,Z36) -> #REF! | AA37: =MAX(B$2:B37)-B37 -> 134.9067 | AB37: =AA37*0.433 -> 58.414601 | AC37: =((MAX(O$2:O$1348)-O37)-(MAX(O$2:O$1348)-O37))*0.433+AD37 -> 97.643573 | AD37: =(AD$2*AF$1391)/AG37 -> 97.643573 | AE37: =PI()*(((42-2*C37)/12)^2/4)*D37 -> 907.92028 | AF37: =SUM(AE$2:AE37) -> 31777.21 | AG37: =AF$1391-AF37 -> 1141952.7
A38: 99499.92 | B38: 683.1334 | C38: 0.6 | D38: =A38-A37 -> 100 | E38: =(PI()/4*(42/12-(2*C80/12))^2)*(D38)*7.48 -> 6791.2437 | F38: =SUM(E$2:E38) -> 244135.5 | G38: =IF(C38=0.72,12,IF(C38=1,11,IF(C38=0.825,10,IF(C38=0.6,1,IF(C38=0.864,2,IF(C38=0.888,3)))))) -> 1 | H38: 1 | I38: =C38 -> 0.6 | J38: =VLOOKUP(G38,Inputs!$L$3:$P$15,5,FALSE) -> 2000 | K38: =IF(H38=1,1825,IF(H38=2,1825,2220)) -> 1825 | L38: =Inputs!$P$8-B38 -> 255.0576 | M38: =Inputs!$Q$8+L38*0.433 -> 1935.4399 | N38: =A38 -> 99499.92 | O38: =B38 -> 683.1334 | P38: =IF(O38="","",Inputs!$C$5-O38) -> 142.0511 | Q38: =IF(N38="","",TS!J38) -> 2000 | R38: =IF(N38="","",TS!K38) -> 1825 | S38: =Inputs!$H$5+TS!P38*0.4333 -> 1936.5165 | T38: =Inputs!$G$5+TS!P38*0.4333 -> 1951.5165 | U38: =T38/(140000*C38/42) -> 0.97575823 | V38: =O38-MAX(O38:O177) -> 0 | W38: =-(V38)*0.433 -> 0 | X38: =((PI()*((42-2*'Gen Calcs'!$E$13)^2)/4)/144)*(A81-#REF!)*(W38+14.7)/14.7 -> #REF! | Y38: =X38/1000 -> #REF! | Z38: =IF(Y38>Z37,Y38,Z37) -> #REF! | AA38: =MAX(B$2:B38)-B38 -> 142.0511 | AB38: =AA38*0.433 -> 61.508126 | AC38: =((MAX(O$2:O$1348)-O38)-(MAX(O$2:O$1348)-O38))*0.433+AD38 -> 97.721267 | AD38: =(AD$2*AF$1391)/AG38 -> 97.721267 | AE38: =PI()*(((42-2*C38)/12)^2/4)*D38 -> 907.92028 | AF38: =SUM(AE$2:AE38) -> 32685.13 | AG38: =AF$1391-AF38 -> 1141044.8
A39: 99596.6 | B39: 683.1334 | C39: 0.864 | D39: =A39-A38 -> 96.68 | E39: =(PI()/4*(42/12-(2*C81/12))^2)*(D39)*7.48 -> 6565.7744 | F39: =SUM(E$2:E39) -> 250701.27 | G39: =IF(C39=0.72,12,IF(C39=1,11,IF(C39=0.825,10,IF(C39=0.6,1,IF(C39=0.864,2,IF(C39=0.888,3)))))) -> 2 | H39: 1 | I39: =C39 -> 0.864 | J39: =VLOOKUP(G39,Inputs!$L$3:$P$15,5,FALSE) -> 2880 | K39: =IF(H39=1,1825,IF(H39=2,1825,2220)) -> 1825 | L39: =Inputs!$P$8-B39 -> 255.0576 | M39: =Inputs!$Q$8+L39*0.433 -> 1935.4399 | N39: =A39 -> 99596.6 | O39: =B39 -> 683.1334 | P39: =IF(O39="","",Inputs!$C$5-O39) -> 142.0511 | Q39: =IF(N39="","",TS!J39) -> 2880 | R39: =IF(N39="","",TS!K39) -> 1825 | S39: =Inputs!$H$5+TS!P39*0.4333 -> 1936.5165 | T39: =Inputs!$G$5+TS!P39*0.4333 -> 1951.5165 | U39: =T39/(140000*C39/42) -> 0.67760988 | V39: =O39-MAX(O39:O177) -> 0 | W39: =-(V39)*0.433 -> 0 | X39: =((PI()*((42-2*'Gen Calcs'!$E$13)^2)/4)/144)*(A82-#REF!)*(W39+14.7)/14.7 -> #REF! | Y39: =X39/1000 -> #REF! | Z39: =IF(Y39>Z38,Y39,Z38) -> #REF! | AA39: =MAX(B$2:B39)-B39 -> 142.0511 | AB39: =AA39*0.433 -> 61.508126 | AC39: =((MAX(O$2:O$1348)-O39)-(MAX(O$2:O$1348)-O39))*0.433+AD39 -> 97.794563 | AD39: =(AD$2*AF$1391)/AG39 -> 97.794563 | AE39: =PI()*(((42-2*C39)/12)^2/4)*D39 -> 855.20539 | AF39: =SUM(AE$2:AE39) -> 33540.335 | AG39: =AF$1391-AF39 -> 1140189.6
A40: 99599.92 | B40: 676.6292 | C40: 0.6 | D40: =A40-A39 -> 3.32 | E40: =(PI()/4*(42/12-(2*C82/12))^2)*(D40)*7.48 -> 225.46929 | F40: =SUM(E$2:E40) -> 250926.74 | G40: =IF(C40=0.72,12,IF(C40=1,11,IF(C40=0.825,10,IF(C40=0.6,1,IF(C40=0.864,2,IF(C40=0.888,3)))))) -> 1 | H40: 1 | I40: =C40 -> 0.6 | J40: =VLOOKUP(G40,Inputs!$L$3:$P$15,5,FALSE) -> 2000 | K40: =IF(H40=1,1825,IF(H40=2,1825,2220)) -> 1825 | L40: =Inputs!$P$8-B40 -> 261.5618 | M40: =Inputs!$Q$8+L40*0.433 -> 1938.2563 | N40: =A40 -> 99599.92 | O40: =B40 -> 676.6292 | P40: =IF(O40="","",Inputs!$C$5-O40) -> 148.5553 | Q40: =IF(N40="","",TS!J40) -> 2000 | R40: =IF(N40="","",TS!K40) -> 1825 | S40: =Inputs!$H$5+TS!P40*0.4333 -> 1939.3347 | T40: =Inputs!$G$5+TS!P40*0.4333 -> 1954.3347 | U40: =T40/(140000*C40/42) -> 0.97716736 | V40: =O40-MAX(O40:O177) -> 0 | W40: =-(V40)*0.433 -> 0 | X40: =((PI()*((42-2*'Gen Calcs'!$E$13)^2)/4)/144)*(A83-#REF!)*(W40+14.7)/14.7 -> #REF! | Y40: =X40/1000 -> #REF! | Z40: =IF(Y40>Z39,Y40,Z39) -> #REF! | AA40: =MAX(B$2:B40)-B40 -> 148.5553 | AB40: =AA40*0.433 -> 64.324445 | AC40: =((MAX(O$2:O$1348)-O40)-(MAX(O$2:O$1348)-O40))*0.433+AD40 -> 97.797149 | AD40: =(AD$2*AF$1391)/AG40 -> 97.797149 | AE40: =PI()*(((42-2*C40)/12)^2/4)*D40 -> 30.142953 | AF40: =SUM(AE$2:AE40) -> 33570.478 | AG40: =AF$1391-AF40 -> 1140159.4
A41: 99676.6 | B41: 676.6292 | C41: 0.864 | D41: =A41-A40 -> 76.68 | E41: =(PI()/4*(42/12-(2*C83/12))^2)*(D41)*7.48 -> 5207.5256 | F41: =SUM(E$2:E41) -> 256134.27 | G41: =IF(C41=0.72,12,IF(C41=1,11,IF(C41=0.825,10,IF(C41=0.6,1,IF(C41=0.864,2,IF(C41=0.888,3)))))) -> 2 | H41: 1 | I41: =C41 -> 0.864 | J41: =VLOOKUP(G41,Inputs!$L$3:$P$15,5,FALSE) -> 2880 | K41: =IF(H41=1,1825,IF(H41=2,1825,2220)) -> 1825 | L41: =Inputs!$P$8-B41 -> 261.5618 | M41: =Inputs!$Q$8+L41*0.433 -> 1938.2563 | N41: =A41 -> 99676.6 | O41: =B41 -> 676.6292 | P41: =IF(O41="","",Inputs!$C$5-O41) -> 148.5553 | Q41: =IF(N41="","",TS!J41) -> 2880 | R41: =IF(N41="","",TS!K41) -> 1825 | S41: =Inputs!$H$5+TS!P41*0.4333 -> 1939.3347 | T41: =Inputs!$G$5+TS!P41*0.4333 -> 1954.3347 | U41: =T41/(140000*C41/42) -> 0.67858845 | V41: =O41-MAX(O41:O177) -> 0 | W41: =-(V41)*0.433 -> 0 | X41: =((PI()*((42-2*'Gen Calcs'!$E$13)^2)/4)/144)*(A84-#REF!)*(W41+14.7)/14.7 -> #REF! | Y41: =X41/1000 -> #REF! | Z41: =IF(Y41>Z40,Y41,Z40) -> #REF! | AA41: =MAX(B$2:B41)-B41 -> 148.5553 | AB41: =AA41*0.433 -> 64.324445 | AC41: =((MAX(O$2:O$1348)-O41)-(MAX(O$2:O$1348)-O41))*0.433+AD41 -> 97.855364 | AD41: =(AD$2*AF$1391)/AG41 -> 97.855364 | AE41: =PI()*(((42-2*C41)/12)^2/4)*D41 -> 678.29074 | AF41: =SUM(AE$2:AE41) -> 34248.769 | AG41: =AF$1391-AF41 -> 1139481.1
A42: 99699.92 | B42: 671.6983 | C42: 0.6 | D42: =A42-A41 -> 23.32 | E42: =(PI()/4*(42/12-(2*C84/12))^2)*(D42)*7.48 -> 1583.718 | F42: =SUM(E$2:E42) -> 257717.99 | G42: =IF(C42=0.72,12,IF(C42=1,11,IF(C42=0.825,10,IF(C42=0.6,1,IF(C42=0.864,2,IF(C42=0.888,3)))))) -> 1 | H42: 1 | I42: =C42 -> 0.6 | J42: =VLOOKUP(G42,Inputs!$L$3:$P$15,5,FALSE) -> 2000 | K42: =IF(H42=1,1825,IF(H42=2,1825,2220)) -> 1825 | L42: =Inputs!$P$8-B42 -> 266.4927 | M42: =Inputs!$Q$8+L42*0.433 -> 1940.3913 | N42: =A42 -> 99699.92 | O42: =B42 -> 671.6983 | P42: =IF(O42="","",Inputs!$C$5-O42) -> 153.4862 | Q42: =IF(N42="","",TS!J42) -> 2000 | R42: =IF(N42="","",TS!K42) -> 1825 | S42: =Inputs!$H$5+TS!P42*0.4333 -> 1941.4713 | T42: =Inputs!$G$5+TS!P42*0.4333 -> 1956.4713 | U42: =T42/(140000*C42/42) -> 0.97823564 | V42: =O42-MAX(O42:O177) -> 0 | W42: =-(V42)*0.433 -> 0 | X42: =((PI()*((42-2*'Gen Calcs'!$E$13)^2)/4)/144)*(A85-#REF!)*(W42+14.7)/14.7 -> #REF! | Y42: =X42/1000 -> #REF! | Z42: =IF(Y42>Z41,Y42,Z41) -> #REF! | AA42: =MAX(B$2:B42)-B42 -> 153.4862 | AB42: =AA42*0.433 -> 66.459525 | AC42: =((MAX(O$2:O$1348)-O42)-(MAX(O$2:O$1348)-O42))*0.433+AD42 -> 97.87355 | AD42: =(AD$2*AF$1391)/AG42 -> 97.87355 | AE42: =PI()*(((42-2*C42)/12)^2/4)*D42 -> 211.72701 | AF42: =SUM(AE$2:AE42) -> 34460.496 | AG42: =AF$1391-AF42 -> 1139269.4
A43: 99799.92 | B43: 671.0014 | C43: 0.6 | D43: =A43-A42 -> 100 | E43: =(PI()/4*(42/12-(2*C85/12))^2)*(D43)*7.48 -> 6791.2437 | F43: =SUM(E$2:E43) -> 264509.23 | G43: =IF(C43=0.72,12,IF(C43=1,11,IF(C43=0.825,10,IF(C43=0.6,1,IF(C43=0.864,2,IF(C43=0.888,3)))))) -> 1 | H43: 1 | I43: =C43 -> 0.6 | J43: =VLOOKUP(G43,Inputs!$L$3:$P$15,5,FALSE) -> 2000 | K43: =IF(H43=1,1825,IF(H43=2,1825,2220)) -> 1825 | L43: =Inputs!$P$8-B43 -> 267.1896 | M43: =Inputs!$Q$8+L43*0.433 -> 1940.6931 | N43: =A43 -> 99799.92 | O43: =B43 -> 671.0014 | P43: =IF(O43="","",Inputs!$C$5-O43) -> 154.1831 | Q43: =IF(N43="","",TS!J43) -> 2000 | R43: =IF(N43="","",TS!K43) -> 1825 | S43: =Inputs!$H$5+TS!P43*0.4333 -> 1941.7733 | T43: =Inputs!$G$5+TS!P43*0.4333 -> 1956.7733 | U43: =T43/(140000*C43/42) -> 0.97838663 | V43: =O43-MAX(O43:O177) -> 0 | W43: =-(V43)*0.433 -> 0 | X43: =((PI()*((42-2*'Gen Calcs'!$E$13)^2)/4)/144)*(A86-#REF!)*(W43+14.7)/14.7 -> #REF! | Y43: =X43/1000 -> #REF! | Z43: =IF(Y43>Z42,Y43,Z42) -> #REF! | AA43: =MAX(B$2:B43)-B43 -> 154.1831 | AB43: =AA43*0.433 -> 66.761282 | AC43: =((MAX(O$2:O$1348)-O43)-(MAX(O$2:O$1348)-O43))*0.433+AD43 -> 97.95161 | AD43: =(AD$2*AF$1391)/AG43 -> 97.95161 | AE43: =PI()*(((42-2*C43)/12)^2/4)*D43 -> 907.92028 | AF43: =SUM(AE$2:AE43) -> 35368.416 | AG43: =AF$1391-AF43 -> 1138361.5
A44: 99899.92 | B44: 666.1654 | C44: 0.6 | D44: =A44-A43 -> 100 | E44: =(PI()/4*(42/12-(2*C86/12))^2)*(D44)*7.48 -> 6616.6077 | F44: =SUM(E$2:E44) -> 271125.84 | G44: =IF(C44=0.72,12,IF(C44=1,11,IF(C44=0.825,10,IF(C44=0.6,1,IF(C44=0.864,2,IF(C44=0.888,3)))))) -> 1 | H44: 1 | I44: =C44 -> 0.6 | J44: =VLOOKUP(G44,Inputs!$L$3:$P$15,5,FALSE) -> 2000 | K44: =IF(H44=1,1825,IF(H44=2,1825,2220)) -> 1825 | L44: =Inputs!$P$8-B44 -> 272.0256 | M44: =Inputs!$Q$8+L44*0.433 -> 1942.7871 | N44: =A44 -> 99899.92 | O44: =B44 -> 666.1654 | P44: =IF(O44="","",Inputs!$C$5-O44) -> 159.0191 | Q44: =IF(N44="","",TS!J44) -> 2000 | R44: =IF(N44="","",TS!K44) -> 1825 | S44: =Inputs!$H$5+TS!P44*0.4333 -> 1943.8687 | T44: =Inputs!$G$5+TS!P44*0.4333 -> 1958.8687 | U44: =T44/(140000*C44/42) -> 0.97943435 | V44: =O44-MAX(O44:O177) -> 0 | W44: =-(V44)*0.433 -> 0 | X44: =((PI()*((42-2*'Gen Calcs'!$E$13)^2)/4)/144)*(A87-#REF!)*(W44+14.7)/14.7 -> #REF! | Y44: =X44/1000 -> #REF! | Z44: =IF(Y44>Z43,Y44,Z43) -> #REF! | AA44: =MAX(B$2:B44)-B44 -> 159.0191 | AB44: =AA44*0.433 -> 68.85527 | AC44: =((MAX(O$2:O$1348)-O44)-(MAX(O$2:O$1348)-O44))*0.433+AD44 -> 98.029796 | AD44: =(AD$2*AF$1391)/AG44 -> 98.029796 | AE44: =PI()*(((42-2*C44)/12)^2/4)*D44 -> 907.92028 | AF44: =SUM(AE$2:AE44) -> 36276.337 | AG44: =AF$1391-AF44 -> 1137453.6
A45: 99999.92 | B45: 663.4574 | C45: 0.6 | D45: =A45-A44 -> 100 | E45: =(PI()/4*(42/12-(2*C87/12))^2)*(D45)*7.48 -> 6791.2437 | F45: =SUM(E$2:E45) -> 277917.08 | G45: =IF(C45=0.72,12,IF(C45=1,11,IF(C45=0.825,10,IF(C45=0.6,1,IF(C45=0.864,2,IF(C45=0.888,3)))))) -> 1 | H45: 1 | I45: =C45 -> 0.6 | J45: =VLOOKUP(G45,Inputs!$L$3:$P$15,5,FALSE) -> 2000 | K45: =IF(H45=1,1825,IF(H45=2,1825,2220)) -> 1825 | L45: =Inputs!$P$8-B45 -> 274.7336 | M45: =Inputs!$Q$8+L45*0.433 -> 1943.9596 | N45: =A45 -> 99999.92 | O45: =B45 -> 663.4574 | P45: =IF(O45="","",Inputs!$C$5-O45) -> 161.7271 | Q45: =IF(N45="","",TS!J45) -> 2000 | R45: =IF(N45="","",TS!K45) -> 1825 | S45: =Inputs!$H$5+TS!P45*0.4333 -> 1945.0421 | T45: =Inputs!$G$5+TS!P45*0.4333 -> 1960.0421 | U45: =T45/(140000*C45/42) -> 0.98002103 | V45: =O45-MAX(O45:O177) -> 0 | W45: =-(V45)*0.433 -> 0 | X45: =((PI()*((42-2*'Gen Calcs'!$E$13)^2)/4)/144)*(A88-#REF!)*(W45+14.7)/14.7 -> #REF! | Y45: =X45/1000 -> #REF! | Z45: =IF(Y45>Z44,Y45,Z44) -> #REF! | AA45: =MAX(B$2:B45)-B45 -> 161.7271 | AB45: =AA45*0.433 -> 70.027834 | AC45: =((MAX(O$2:O$1348)-O45)-(MAX(O$2:O$1348)-O45))*0.433+AD45 -> 98.108106 | AD45: =(AD$2*AF$1391)/AG45 -> 98.108106 | AE45: =PI()*(((42-2*C45)/12)^2/4)*D45 -> 907.92028 | AF45: =SUM(AE$2:AE45) -> 37184.257 | AG45: =AF$1391-AF45 -> 1136545.6
A46: 100093.7 | B46: 663.4574 | C46: 0.864 | D46: =A46-A45 -> 93.78 | E46: =(PI()/4*(42/12-(2*C88/12))^2)*(D46)*7.48 -> 6205.0547 | F46: =SUM(E$2:E46) -> 284122.14 | G46: =IF(C46=0.72,12,IF(C46=1,11,IF(C46=0.825,10,IF(C46=0.6,1,IF(C46=0.864,2,IF(C46=0.888,3)))))) -> 2 | H46: 1 | I46: =C46 -> 0.864 | J46: =VLOOKUP(G46,Inputs!$L$3:$P$15,5,FALSE) -> 2880 | K46: =IF(H46=1,1825,IF(H46=2,1825,2220)) -> 1825 | L46: =Inputs!$P$8-B46 -> 274.7336 | M46: =Inputs!$Q$8+L46*0.433 -> 1943.9596 | N46: =A46 -> 100093.7 | O46: =B46 -> 663.4574 | P46: =IF(O46="","",Inputs!$C$5-O46) -> 161.7271 | Q46: =IF(N46="","",TS!J46) -> 2880 | R46: =IF(N46="","",TS!K46) -> 1825 | S46: =Inputs!$H$5+TS!P46*0.4333 -> 1945.0421 | T46: =Inputs!$G$5+TS!P46*0.4333 -> 1960.0421 | U46: =T46/(140000*C46/42) -> 0.68057016 | V46: =O46-MAX(O46:O177) -> 0 | W46: =-(V46)*0.433 -> 0 | X46: =((PI()*((42-2*'Gen Calcs'!$E$13)^2)/4)/144)*(A89-#REF!)*(W46+14.7)/14.7 -> #REF! | Y46: =X46/1000 -> #REF! | Z46: =IF(Y46>Z45,Y46,Z45) -> #REF! | AA46: =MAX(B$2:B46)-B46 -> 161.7271 | AB46: =AA46*0.433 -> 70.027834 | AC46: =((MAX(O$2:O$1348)-O46)-(MAX(O$2:O$1348)-O46))*0.433+AD46 -> 98.179766 | AD46: =(AD$2*AF$1391)/AG46 -> 98.179766 | AE46: =PI()*(((42-2*C46)/12)^2/4)*D46 -> 829.55276 | AF46: =SUM(AE$2:AE46) -> 38013.81 | AG46: =AF$1391-AF46 -> 1135716.1
A47: 100099.92 | B47: 660.5908 | C47: 0.6 | D47: =A47-A46 -> 6.22 | E47: =(PI()/4*(42/12-(2*C89/12))^2)*(D47)*7.48 -> 422.41536 | F47: =SUM(E$2:E47) -> 284544.55 | G47: =IF(C47=0.72,12,IF(C47=1,11,IF(C47=0.825,10,IF(C47=0.6,1,IF(C47=0.864,2,IF(C47=0.888,3)))))) -> 1 | H47: 1 | I47: =C47 -> 0.6 | J47: =VLOOKUP(G47,Inputs!$L$3:$P$15,5,FALSE) -> 2000 | K47: =IF(H47=1,1825,IF(H47=2,1825,2220)) -> 1825 | L47: =Inputs!$P$8-B47 -> 277.6002 | M47: =Inputs!$Q$8+L47*0.433 -> 1945.2009 | N47: =A47 -> 100099.92 | O47: =B47 -> 660.5908 | P47: =IF(O47="","",Inputs!$C$5-O47) -> 164.5937 | Q47: =IF(N47="","",TS!J47) -> 2000 | R47: =IF(N47="","",TS!K47) -> 1825 | S47: =Inputs!$H$5+TS!P47*0.4333 -> 1946.2842 | T47: =Inputs!$G$5+TS!P47*0.4333 -> 1961.2842 | U47: =T47/(140000*C47/42) -> 0.98064208 | V47: =O47-MAX(O47:O177) -> 0 | W47: =-(V47)*0.433 -> 0 | X47: =((PI()*((42-2*'Gen Calcs'!$E$13)^2)/4)/144)*(A90-#REF!)*(W47+14.7)/14.7 -> #REF! | Y47: =X47/1000 -> #REF! | Z47: =IF(Y47>Z46,Y47,Z46) -> #REF! | AA47: =MAX(B$2:B47)-B47 -> 164.5937 | AB47: =AA47*0.433 -> 71.269072 | AC47: =((MAX(O$2:O$1348)-O47)-(MAX(O$2:O$1348)-O47))*0.433+AD47 -> 98.184649 | AD47: =(AD$2*AF$1391)/AG47 -> 98.184649 | AE47: =PI()*(((42-2*C47)/12)^2/4)*D47 -> 56.472641 | AF47: =SUM(AE$2:AE47) -> 38070.282 | AG47: =AF$1391-AF47 -> 1135659.6
A48: 100199.92 | B48: 659.4018 | C48: 0.6 | D48: =A48-A47 -> 100 | E48: =(PI()/4*(42/12-(2*C90/12))^2)*(D48)*7.48 -> 6791.2437 | F48: =SUM(E$2:E48) -> 291335.8 | G48: =IF(C48=0.72,12,IF(C48=1,11,IF(C48=0.825,10,IF(C48=0.6,1,IF(C48=0.864,2,IF(C48=0.888,3)))))) -> 1 | H48: 1 | I48: =C48 -> 0.6 | J48: =VLOOKUP(G48,Inputs!$L$3:$P$15,5,FALSE) -> 2000 | K48: =IF(H48=1,1825,IF(H48=2,1825,2220)) -> 1825 | L48: =Inputs!$P$8-B48 -> 278.7892 | M48: =Inputs!$Q$8+L48*0.433 -> 1945.7157 | N48: =A48 -> 100199.92 | O48: =B48 -> 659.4018 | P48: =IF(O48="","",Inputs!$C$5-O48) -> 165.7827 | Q48: =IF(N48="","",TS!J48) -> 2000 | R48: =IF(N48="","",TS!K48) -> 1825 | S48: =Inputs!$H$5+TS!P48*0.4333 -> 1946.7994 | T48: =Inputs!$G$5+TS!P48*0.4333 -> 1961.7994 | U48: =T48/(140000*C48/42) -> 0.98089968 | V48: =O48-MAX(O48:O177) -> -0.6426 | W48: =-(V48)*0.433 -> 0.2782458 | X48: =((PI()*((42-2*'Gen Calcs'!$E$13)^2)/4)/144)*(A91-#REF!)*(W48+14.7)/14.7 -> #REF! | Y48: =X48/1000 -> #REF! | Z48: =IF(Y48>Z47,Y48,Z47) -> #REF! | AA48: =MAX(B$2:B48)-B48 -> 165.7827 | AB48: =AA48*0.433 -> 71.783909 | AC48: =((MAX(O$2:O$1348)-O48)-(MAX(O$2:O$1348)-O48))*0.433+AD48 -> 98.263207 | AD48: =(AD$2*AF$1391)/AG48 -> 98.263207 | AE48: =PI()*(((42-2*C48)/12)^2/4)*D48 -> 907.92028 | AF48: =SUM(AE$2:AE48) -> 38978.203 | AG48: =AF$1391-AF48 -> 1134751.7
A49: 100299.92 | B49: 657.6802 | C49: 0.6 | D49: =A49-A48 -> 100 | E49: =(PI()/4*(42/12-(2*C91/12))^2)*(D49)*7.48 -> 6791.2437 | F49: =SUM(E$2:E49) -> 298127.04 | G49: =IF(C49=0.72,12,IF(C49=1,11,IF(C49=0.825,10,IF(C49=0.6,1,IF(C49=0.864,2,IF(C49=0.888,3)))))) -> 1 | H49: 1 | I49: =C49 -> 0.6 | J49: =VLOOKUP(G49,Inputs!$L$3:$P$15,5,FALSE) -> 2000 | K49: =IF(H49=1,1825,IF(H49=2,1825,2220)) -> 1825 | L49: =Inputs!$P$8-B49 -> 280.5108 | M49: =Inputs!$Q$8+L49*0.433 -> 1946.4612 | N49: =A49 -> 100299.92 | O49: =B49 -> 657.6802 | P49: =IF(O49="","",Inputs!$C$5-O49) -> 167.5043 | Q49: =IF(N49="","",TS!J49) -> 2000 | R49: =IF(N49="","",TS!K49) -> 1825 | S49: =Inputs!$H$5+TS!P49*0.4333 -> 1947.5453 | T49: =Inputs!$G$5+TS!P49*0.4333 -> 1962.5453 | U49: =T49/(140000*C49/42) -> 0.98127266 | V49: =O49-MAX(O49:O177) -> -2.3642 | W49: =-(V49)*0.433 -> 1.0236986 | X49: =((PI()*((42-2*'Gen Calcs'!$E$13)^2)/4)/144)*(A92-#REF!)*(W49+14.7)/14.7 -> #REF! | Y49: =X49/1000 -> #REF! | Z49: =IF(Y49>Z48,Y49,Z48) -> #REF! | AA49: =MAX(B$2:B49)-B49 -> 167.5043 | AB49: =AA49*0.433 -> 72.529362 | AC49: =((MAX(O$2:O$1348)-O49)-(MAX(O$2:O$1348)-O49))*0.433+AD49 -> 98.34189 | AD49: =(AD$2*AF$1391)/AG49 -> 98.34189 | AE49: =PI()*(((42-2*C49)/12)^2/4)*D49 -> 907.92028 | AF49: =SUM(AE$2:AE49) -> 39886.123 | AG49: =AF$1391-AF49 -> 1133843.8
A50: 100399.92 | B50: 657.1699 | C50: 0.6 | D50: =A50-A49 -> 100 | E50: =(PI()/4*(42/12-(2*C92/12))^2)*(D50)*7.48 -> 6791.2437 | F50: =SUM(E$2:E50) -> 304918.28 | G50: =IF(C50=0.72,12,IF(C50=1,11,IF(C50=0.825,10,IF(C50=0.6,1,IF(C50=0.864,2,IF(C50=0.888,3)))))) -> 1 | H50: 1 | I50: =C50 -> 0.6 | J50: =VLOOKUP(G50,Inputs!$L$3:$P$15,5,FALSE) -> 2000 | K50: =IF(H50=1,1825,IF(H50=2,1825,2220)) -> 1825 | L50: =Inputs!$P$8-B50 -> 281.0211 | M50: =Inputs!$Q$8+L50*0.433 -> 1946.6821 | N50: =A50 -> 100399.92 | O50: =B50 -> 657.1699 | P50: =IF(O50="","",Inputs!$C$5-O50) -> 168.0146 | Q50: =IF(N50="","",TS!J50) -> 2000 | R50: =IF(N50="","",TS!K50) -> 1825 | S50: =Inputs!$H$5+TS!P50*0.4333 -> 1947.7664 | T50: =Inputs!$G$5+TS!P50*0.4333 -> 1962.7664 | U50: =T50/(140000*C50/42) -> 0.98138322 | V50: =O50-MAX(O50:O177) -> -2.8745 | W50: =-(V50)*0.433 -> 1.2446585 | X50: =((PI()*((42-2*'Gen Calcs'!$E$13)^2)/4)/144)*(A93-#REF!)*(W50+14.7)/14.7 -> #REF! | Y50: =X50/1000 -> #REF! | Z50: =IF(Y50>Z49,Y50,Z49) -> #REF! | AA50: =MAX(B$2:B50)-B50 -> 168.0146 | AB50: =AA50*0.433 -> 72.750322 | AC50: =((MAX(O$2:O$1348)-O50)-(MAX(O$2:O$1348)-O50))*0.433+AD50 -> 98.4207 | AD50: =(AD$2*AF$1391)/AG50 -> 98.4207 | AE50: =PI()*(((42-2*C50)/12)^2/4)*D50 -> 907.92028 | AF50: =SUM(AE$2:AE50) -> 40794.043 | AG50: =AF$1391-AF50 -> 1132935.9
A51: 100499.92 | B51: 655.1304 | C51: 0.6 | D51: =A51-A50 -> 100 | E51: =(PI()/4*(42/12-(2*C93/12))^2)*(D51)*7.48 -> 6791.2437 | F51: =SUM(E$2:E51) -> 311709.53 | G51: =IF(C51=0.72,12,IF(C51=1,11,IF(C51=0.825,10,IF(C51=0.6,1,IF(C51=0.864,2,IF(C51=0.888,3)))))) -> 1 | H51: 1 | I51: =C51 -> 0.6 | J51: =VLOOKUP(G51,Inputs!$L$3:$P$15,5,FALSE) -> 2000 | K51: =IF(H51=1,1825,IF(H51=2,1825,2220)) -> 1825 | L51: =Inputs!$P$8-B51 -> 283.0606 | M51: =Inputs!$Q$8+L51*0.433 -> 1947.5652 | N51: =A51 -> 100499.92 | O51: =B51 -> 655.1304 | P51: =IF(O51="","",Inputs!$C$5-O51) -> 170.0541 | Q51: =IF(N51="","",TS!J51) -> 2000 | R51: =IF(N51="","",TS!K51) -> 1825 | S51: =Inputs!$H$5+TS!P51*0.4333 -> 1948.6502 | T51: =Inputs!$G$5+TS!P51*0.4333 -> 1963.6502 | U51: =T51/(140000*C51/42) -> 0.98182508 | V51: =O51-MAX(O51:O177) -> -4.914 | W51: =-(V51)*0.433 -> 2.127762 | X51: =((PI()*((42-2*'Gen Calcs'!$E$13)^2)/4)/144)*(A94-#REF!)*(W51+14.7)/14.7 -> #REF! | Y51: =X51/1000 -> #REF! | Z51: =IF(Y51>Z50,Y51,Z50) -> #REF! | AA51: =MAX(B$2:B51)-B51 -> 170.0541 | AB51: =AA51*0.433 -> 73.633425 | AC51: =((MAX(O$2:O$1348)-O51)-(MAX(O$2:O$1348)-O51))*0.433+AD51 -> 98.499637 | AD51: =(AD$2*AF$1391)/AG51 -> 98.499637 | AE51: =PI()*(((42-2*C51)/12)^2/4)*D51 -> 907.92028 | AF51: =SUM(AE$2:AE51) -> 41701.963 | AG51: =AF$1391-AF51 -> 1132027.9
A52: 100599.92 | B52: 654.2486 | C52: 0.6 | D52: =A52-A51 -> 100 | E52: =(PI()/4*(42/12-(2*C94/12))^2)*(D52)*7.48 -> 6791.2437 | F52: =SUM(E$2:E52) -> 318500.77 | G52: =IF(C52=0.72,12,IF(C52=1,11,IF(C52=0.825,10,IF(C52=0.6,1,IF(C52=0.864,2,IF(C52=0.888,3)))))) -> 1 | H52: 1 | I52: =C52 -> 0.6 | J52: =VLOOKUP(G52,Inputs!$L$3:$P$15,5,FALSE) -> 2000 | K52: =IF(H52=1,1825,IF(H52=2,1825,2220)) -> 1825 | L52: =Inputs!$P$8-B52 -> 283.9424 | M52: =Inputs!$Q$8+L52*0.433 -> 1947.9471 | N52: =A52 -> 100599.92 | O52: =B52 -> 654.2486 | P52: =IF(O52="","",Inputs!$C$5-O52) -> 170.9359 | Q52: =IF(N52="","",TS!J52) -> 2000 | R52: =IF(N52="","",TS!K52) -> 1825 | S52: =Inputs!$H$5+TS!P52*0.4333 -> 1949.0322 | T52: =Inputs!$G$5+TS!P52*0.4333 -> 1964.0322 | U52: =T52/(140000*C52/42) -> 0.98201612 | V52: =O52-MAX(O52:O177) -> -5.7958 | W52: =-(V52)*0.433 -> 2.5095814 | X52: =((PI()*((42-2*'Gen Calcs'!$E$13)^2)/4)/144)*(A95-#REF!)*(W52+14.7)/14.7 -> #REF! | Y52: =X52/1000 -> #REF! | Z52: =IF(Y52>Z51,Y52,Z51) -> #REF! | AA52: =MAX(B$2:B52)-B52 -> 170.9359 | AB52: =AA52*0.433 -> 74.015245 | AC52: =((MAX(O$2:O$1348)-O52)-(MAX(O$2:O$1348)-O52))*0.433+AD52 -> 98.5787 | AD52: =(AD$2*AF$1391)/AG52 -> 98.5787 | AE52: =PI()*(((42-2*C52)/12)^2/4)*D52 -> 907.92028 | AF52: =SUM(AE$2:AE52) -> 42609.884 | AG52: =AF$1391-AF52 -> 1131120
A53: 100699.92 | B53: 653.0293 | C53: 0.6 | D53: =A53-A52 -> 100 | E53: =(PI()/4*(42/12-(2*C95/12))^2)*(D53)*7.48 -> 6791.2437 | F53: =SUM(E$2:E53) -> 325292.01 | G53: =IF(C53=0.72,12,IF(C53=1,11,IF(C53=0.825,10,IF(C53=0.6,1,IF(C53=0.864,2,IF(C53=0.888,3)))))) -> 1 | H53: 1 | I53: =C53 -> 0.6 | J53: =VLOOKUP(G53,Inputs!$L$3:$P$15,5,FALSE) -> 2000 | K53: =IF(H53=1,1825,IF(H53=2,1825,2220)) -> 1825 | L53: =Inputs!$P$8-B53 -> 285.1617 | M53: =Inputs!$Q$8+L53*0.433 -> 1948.475 | N53: =A53 -> 100699.92 | O53: =B53 -> 653.0293 | P53: =IF(O53="","",Inputs!$C$5-O53) -> 172.1552 | Q53: =IF(N53="","",TS!J53) -> 2000 | R53: =IF(N53="","",TS!K53) -> 1825 | S53: =Inputs!$H$5+TS!P53*0.4333 -> 1949.5606 | T53: =Inputs!$G$5+TS!P53*0.4333 -> 1964.5606 | U53: =T53/(140000*C53/42) -> 0.98228028 | V53: =O53-MAX(O53:O177) -> -7.0151 | W53: =-(V53)*0.433 -> 3.0375383 | X53: =((PI()*((42-2*'Gen Calcs'!$E$13)^2)/4)/144)*(A96-#REF!)*(W53+14.7)/14.7 -> #REF! | Y53: =X53/1000 -> #REF! | Z53: =IF(Y53>Z52,Y53,Z52) -> #REF! | AA53: =MAX(B$2:B53)-B53 -> 172.1552 | AB53: =AA53*0.433 -> 74.543202 | AC53: =((MAX(O$2:O$1348)-O53)-(MAX(O$2:O$1348)-O53))*0.433+AD53 -> 98.65789 | AD53: =(AD$2*AF$1391)/AG53 -> 98.65789 | AE53: =PI()*(((42-2*C53)/12)^2/4)*D53 -> 907.92028 | AF53: =SUM(AE$2:AE53) -> 43517.804 | AG53: =AF$1391-AF53 -> 1130212.1
A54: 100799.92 | B54: 652.4556 | C54: 0.6 | D54: =A54-A53 -> 100 | E54: =(PI()/4*(42/12-(2*C96/12))^2)*(D54)*7.48 -> 6791.2437 | F54: =SUM(E$2:E54) -> 332083.26 | G54: =IF(C54=0.72,12,IF(C54=1,11,IF(C54=0.825,10,IF(C54=0.6,1,IF(C54=0.864,2,IF(C54=0.888,3)))))) -> 1 | H54: 1 | I54: =C54 -> 0.6 | J54: =VLOOKUP(G54,Inputs!$L$3:$P$15,5,FALSE) -> 2000 | K54: =IF(H54=1,1825,IF(H54=2,1825,2220)) -> 1825 | L54: =Inputs!$P$8-B54 -> 285.7354 | M54: =Inputs!$Q$8+L54*0.433 -> 1948.7234 | N54: =A54 -> 100799.92 | O54: =B54 -> 652.4556 | P54: =IF(O54="","",Inputs!$C$5-O54) -> 172.7289 | Q54: =IF(N54="","",TS!J54) -> 2000 | R54: =IF(N54="","",TS!K54) -> 1825 | S54: =Inputs!$H$5+TS!P54*0.4333 -> 1949.8091 | T54: =Inputs!$G$5+TS!P54*0.4333 -> 1964.8091 | U54: =T54/(140000*C54/42) -> 0.98240457 | V54: =O54-MAX(O54:O177) -> -7.5888 | W54: =-(V54)*0.433 -> 3.2859504 | X54: =((PI()*((42-2*'Gen Calcs'!$E$13)^2)/4)/144)*(A97-#REF!)*(W54+14.7)/14.7 -> #REF! | Y54: =X54/1000 -> #REF! | Z54: =IF(Y54>Z53,Y54,Z53) -> #REF! | AA54: =MAX(B$2:B54)-B54 -> 172.7289 | AB54: =AA54*0.433 -> 74.791614 | AC54: =((MAX(O$2:O$1348)-O54)-(MAX(O$2:O$1348)-O54))*0.433+AD54 -> 98.737207 | AD54: =(AD$2*AF$1391)/AG54 -> 98.737207 | AE54: =PI()*(((42-2*C54)/12)^2/4)*D54 -> 907.92028 | AF54: =SUM(AE$2:AE54) -> 44425.724 | AG54: =AF$1391-AF54 -> 1129304.2
A55: 100899.92 | B55: 652.604 | C55: 0.6 | D55: =A55-A54 -> 100 | E55: =(PI()/4*(42/12-(2*C97/12))^2)*(D55)*7.48 -> 6791.2437 | F55: =SUM(E$2:E55) -> 338874.5 | G55: =IF(C55=0.72,12,IF(C55=1,11,IF(C55=0.825,10,IF(C55=0.6,1,IF(C55=0.864,2,IF(C55=0.888,3)))))) -> 1 | H55: 1 | I55: =C55 -> 0.6 | J55: =VLOOKUP(G55,Inputs!$L$3:$P$15,5,FALSE) -> 2000 | K55: =IF(H55=1,1825,IF(H55=2,1825,2220)) -> 1825 | L55: =Inputs!$P$8-B55 -> 285.587 | M55: =Inputs!$Q$8+L55*0.433 -> 1948.6592 | N55: =A55 -> 100899.92 | O55: =B55 -> 652.604 | P55: =IF(O55="","",Inputs!$C$5-O55) -> 172.5805 | Q55: =IF(N55="","",TS!J55) -> 2000 | R55: =IF(N55="","",TS!K55) -> 1825 | S55: =Inputs!$H$5+TS!P55*0.4333 -> 1949.7448 | T55: =Inputs!$G$5+TS!P55*0.4333 -> 1964.7448 | U55: =T55/(140000*C55/42) -> 0.98237242 | V55: =O55-MAX(O55:O177) -> -7.4404 | W55: =-(V55)*0.433 -> 3.2216932 | X55: =((PI()*((42-2*'Gen Calcs'!$E$13)^2)/4)/144)*(A98-#REF!)*(W55+14.7)/14.7 -> #REF! | Y55: =X55/1000 -> #REF! | Z55: =IF(Y55>Z54,Y55,Z54) -> #REF! | AA55: =MAX(B$2:B55)-B55 -> 172.5805 | AB55: =AA55*0.433 -> 74.727356 | AC55: =((MAX(O$2:O$1348)-O55)-(MAX(O$2:O$1348)-O55))*0.433+AD55 -> 98.816652 | AD55: =(AD$2*AF$1391)/AG55 -> 98.816652 | AE55: =PI()*(((42-2*C55)/12)^2/4)*D55 -> 907.92028 | AF55: =SUM(AE$2:AE55) -> 45333.645 | AG55: =AF$1391-AF55 -> 1128396.3
A56: 100999.92 | B56: 650.859 | C56: 0.6 | D56: =A56-A55 -> 100 | E56: =(PI()/4*(42/12-(2*C98/12))^2)*(D56)*7.48 -> 6791.2437 | F56: =SUM(E$2:E56) -> 345665.75 | G56: =IF(C56=0.72,12,IF(C56=1,11,IF(C56=0.825,10,IF(C56=0.6,1,IF(C56=0.864,2,IF(C56=0.888,3)))))) -> 1 | H56: 1 | I56: =C56 -> 0.6 | J56: =VLOOKUP(G56,Inputs!$L$3:$P$15,5,FALSE) -> 2000 | K56: =IF(H56=1,1825,IF(H56=2,1825,2220)) -> 1825 | L56: =Inputs!$P$8-B56 -> 287.332 | M56: =Inputs!$Q$8+L56*0.433 -> 1949.4148 | N56: =A56 -> 100999.92 | O56: =B56 -> 650.859 | P56: =IF(O56="","",Inputs!$C$5-O56) -> 174.3255 | Q56: =IF(N56="","",TS!J56) -> 2000 | R56: =IF(N56="","",TS!K56) -> 1825 | S56: =Inputs!$H$5+TS!P56*0.4333 -> 1950.501 | T56: =Inputs!$G$5+TS!P56*0.4333 -> 1965.501 | U56: =T56/(140000*C56/42) -> 0.98275048 | V56: =O56-MAX(O56:O177) -> -9.1854 | W56: =-(V56)*0.433 -> 3.9772782 | X56: =((PI()*((42-2*'Gen Calcs'!$E$13)^2)/4)/144)*(A99-#REF!)*(W56+14.7)/14.7 -> #REF! | Y56: =X56/1000 -> #REF! | Z56: =IF(Y56>Z55,Y56,Z55) -> #REF! | AA56: =MAX(B$2:B56)-B56 -> 174.3255 | AB56: =AA56*0.433 -> 75.482941 | AC56: =((MAX(O$2:O$1348)-O56)-(MAX(O$2:O$1348)-O56))*0.433+AD56 -> 98.896225 | AD56: =(AD$2*AF$1391)/AG56 -> 98.896225 | AE56: =PI()*(((42-2*C56)/12)^2/4)*D56 -> 907.92028 | AF56: =SUM(AE$2:AE56) -> 46241.565 | AG56: =AF$1391-AF56 -> 1127488.3
A57: 101099.92 | B57: 637.7679 | C57: 0.6 | D57: =A57-A56 -> 100 | E57: =(PI()/4*(42/12-(2*C99/12))^2)*(D57)*7.48 -> 6791.2437 | F57: =SUM(E$2:E57) -> 352456.99 | G57: =IF(C57=0.72,12,IF(C57=1,11,IF(C57=0.825,10,IF(C57=0.6,1,IF(C57=0.864,2,IF(C57=0.888,3)))))) -> 1 | H57: 1 | I57: =C57 -> 0.6 | J57: =VLOOKUP(G57,Inputs!$L$3:$P$15,5,FALSE) -> 2000 | K57: =IF(H57=1,1825,IF(H57=2,1825,2220)) -> 1825 | L57: =Inputs!$P$8-B57 -> 300.4231 | M57: =Inputs!$Q$8+L57*0.433 -> 1955.0832 | N57: =A57 -> 101099.92 | O57: =B57 -> 637.7679 | P57: =IF(O57="","",Inputs!$C$5-O57) -> 187.4166 | Q57: =IF(N57="","",TS!J57) -> 2000 | R57: =IF(N57="","",TS!K57) -> 1825 | S57: =Inputs!$H$5+TS!P57*0.4333 -> 1956.1733 | T57: =Inputs!$G$5+TS!P57*0.4333 -> 1971.1733 | U57: =T57/(140000*C57/42) -> 0.98558666 | V57: =O57-MAX(O57:O177) -> -22.2765 | W57: =-(V57)*0.433 -> 9.6457245 | X57: =((PI()*((42-2*'Gen Calcs'!$E$13)^2)/4)/144)*(A100-#REF!)*(W57+14.7)/14.7 -> #REF! | Y57: =X57/1000 -> #REF! | Z57: =IF(Y57>Z56,Y57,Z56) -> #REF! | AA57: =MAX(B$2:B57)-B57 -> 187.4166 | AB57: =AA57*0.433 -> 81.151388 | AC57: =((MAX(O$2:O$1348)-O57)-(MAX(O$2:O$1348)-O57))*0.433+AD57 -> 98.975927 | AD57: =(AD$2*AF$1391)/AG57 -> 98.975927 | AE57: =PI()*(((42-2*C57)/12)^2/4)*D57 -> 907.92028 | AF57: =SUM(AE$2:AE57) -> 47149.485 | AG57: =AF$1391-AF57 -> 1126580.4
A58: 101199.92 | B58: 651.4647 | C58: 0.6 | D58: =A58-A57 -> 100 | E58: =(PI()/4*(42/12-(2*C100/12))^2)*(D58)*7.48 -> 6791.2437 | F58: =SUM(E$2:E58) -> 359248.23 | G58: =IF(C58=0.72,12,IF(C58=1,11,IF(C58=0.825,10,IF(C58=0.6,1,IF(C58=0.864,2,IF(C58=0.888,3)))))) -> 1 | H58: 1 | I58: =C58 -> 0.6 | J58: =VLOOKUP(G58,Inputs!$L$3:$P$15,5,FALSE) -> 2000 | K58: =IF(H58=1,1825,IF(H58=2,1825,2220)) -> 1825 | L58: =Inputs!$P$8-B58 -> 286.7263 | M58: =Inputs!$Q$8+L58*0.433 -> 1949.1525 | N58: =A58 -> 101199.92 | O58: =B58 -> 651.4647 | P58: =IF(O58="","",Inputs!$C$5-O58) -> 173.7198 | Q58: =IF(N58="","",TS!J58) -> 2000 | R58: =IF(N58="","",TS!K58) -> 1825 | S58: =Inputs!$H$5+TS!P58*0.4333 -> 1950.2385 | T58: =Inputs!$G$5+TS!P58*0.4333 -> 1965.2385 | U58: =T58/(140000*C58/42) -> 0.98261925 | V58: =O58-MAX(O58:O177) -> -8.5797 | W58: =-(V58)*0.433 -> 3.7150101 | X58: =((PI()*((42-2*'Gen Calcs'!$E$13)^2)/4)/144)*(A101-#REF!)*(W58+14.7)/14.7 -> #REF! | Y58: =X58/1000 -> #REF! | Z58: =IF(Y58>Z57,Y58,Z57) -> #REF! | AA58: =MAX(B$2:B58)-B58 -> 173.7198 | AB58: =AA58*0.433 -> 75.220673 | AC58: =((MAX(O$2:O$1348)-O58)-(MAX(O$2:O$1348)-O58))*0.433+AD58 -> 99.055756 | AD58: =(AD$2*AF$1391)/AG58 -> 99.055756 | AE58: =PI()*(((42-2*C58)/12)^2/4)*D58 -> 907.92028 | AF58: =SUM(AE$2:AE58) -> 48057.405 | AG58: =AF$1391-AF58 -> 1125672.5
A59: 101299.92 | B59: 653.094 | C59: 0.6 | D59: =A59-A58 -> 100 | E59: =(PI()/4*(42/12-(2*C101/12))^2)*(D59)*7.48 -> 6791.2437 | F59: =SUM(E$2:E59) -> 366039.48 | G59: =IF(C59=0.72,12,IF(C59=1,11,IF(C59=0.825,10,IF(C59=0.6,1,IF(C59=0.864,2,IF(C59=0.888,3)))))) -> 1 | H59: 1 | I59: =C59 -> 0.6 | J59: =VLOOKUP(G59,Inputs!$L$3:$P$15,5,FALSE) -> 2000 | K59: =IF(H59=1,1825,IF(H59=2,1825,2220)) -> 1825 | L59: =Inputs!$P$8-B59 -> 285.097 | M59: =Inputs!$Q$8+L59*0.433 -> 1948.447 | N59: =A59 -> 101299.92 | O59: =B59 -> 653.094 | P59: =IF(O59="","",Inputs!$C$5-O59) -> 172.0905 | Q59: =IF(N59="","",TS!J59) -> 2000 | R59: =IF(N59="","",TS!K59) -> 1825 | S59: =Inputs!$H$5+TS!P59*0.4333 -> 1949.5325 | T59: =Inputs!$G$5+TS!P59*0.4333 -> 1964.5325 | U59: =T59/(140000*C59/42) -> 0.98226627 | V59: =O59-MAX(O59:O177) -> -6.9504 | W59: =-(V59)*0.433 -> 3.0095232 | X59: =((PI()*((42-2*'Gen Calcs'!$E$13)^2)/4)/144)*(A102-#REF!)*(W59+14.7)/14.7 -> #REF! | Y59: =X59/1000 -> #REF! | Z59: =IF(Y59>Z58,Y59,Z58) -> #REF! | AA59: =MAX(B$2:B59)-B59 -> 172.0905 | AB59: =AA59*0.433 -> 74.515186 | AC59: =((MAX(O$2:O$1348)-O59)-(MAX(O$2:O$1348)-O59))*0.433+AD59 -> 99.135715 | AD59: =(AD$2*AF$1391)/AG59 -> 99.135715 | AE59: =PI()*(((42-2*C59)/12)^2/4)*D59 -> 907.92028 | AF59: =SUM(AE$2:AE59) -> 48965.326 | AG59: =AF$1391-AF59 -> 1124764.6
A60: 101399.92 | B60: 651.9345 | C60: 0.6 | D60: =A60-A59 -> 100 | E60: =(PI()/4*(42/12-(2*C102/12))^2)*(D60)*7.48 -> 6791.2437 | F60: =SUM(E$2:E60) -> 372830.72 | G60: =IF(C60=0.72,12,IF(C60=1,11,IF(C60=0.825,10,IF(C60=0.6,1,IF(C60=0.864,2,IF(C60=0.888,3)))))) -> 1 | H60: 1 | I60: =C60 -> 0.6 | J60: =VLOOKUP(G60,Inputs!$L$3:$P$15,5,FALSE) -> 2000 | K60: =IF(H60=1,1825,IF(H60=2,1825,2220)) -> 1825 | L60: =Inputs!$P$8-B60 -> 286.2565 | M60: =Inputs!$Q$8+L60*0.433 -> 1948.9491 | N60: =A60 -> 101399.92 | O60: =B60 -> 651.9345 | P60: =IF(O60="","",Inputs!$C$5-O60) -> 173.25 | Q60: =IF(N60="","",TS!J60) -> 2000 | R60: =IF(N60="","",TS!K60) -> 1825 | S60: =Inputs!$H$5+TS!P60*0.4333 -> 1950.0349 | T60: =Inputs!$G$5+TS!P60*0.4333 -> 1965.0349 | U60: =T60/(140000*C60/42) -> 0.98251747 | V60: =O60-MAX(O60:O177) -> -8.1099 | W60: =-(V60)*0.433 -> 3.5115867 | X60: =((PI()*((42-2*'Gen Calcs'!$E$13)^2)/4)/144)*(A103-#REF!)*(W60+14.7)/14.7 -> #REF! | Y60: =X60/1000 -> #REF! | Z60: =IF(Y60>Z59,Y60,Z59) -> #REF! | AA60: =MAX(B$2:B60)-B60 -> 173.25 | AB60: =AA60*0.433 -> 75.01725 | AC60: =((MAX(O$2:O$1348)-O60)-(MAX(O$2:O$1348)-O60))*0.433+AD60 -> 99.215803 | AD60: =(AD$2*AF$1391)/AG60 -> 99.215803 | AE60: =PI()*(((42-2*C60)/12)^2/4)*D60 -> 907.92028 | AF60: =SUM(AE$2:AE60) -> 49873.246 | AG60: =AF$1391-AF60 -> 1123856.7
A61: 101499.92 | B61: 650.7063 | C61: 0.6 | D61: =A61-A60 -> 100 | E61: =(PI()/4*(42/12-(2*C103/12))^2)*(D61)*7.48 -> 6791.2437 | F61: =SUM(E$2:E61) -> 379621.96 | G61: =IF(C61=0.72,12,IF(C61=1,11,IF(C61=0.825,10,IF(C61=0.6,1,IF(C61=0.864,2,IF(C61=0.888,3)))))) -> 1 | H61: 1 | I61: =C61 -> 0.6 | J61: =VLOOKUP(G61,Inputs!$L$3:$P$15,5,FALSE) -> 2000 | K61: =IF(H61=1,1825,IF(H61=2,1825,2220)) -> 1825 | L61: =Inputs!$P$8-B61 -> 287.4847 | M61: =Inputs!$Q$8+L61*0.433 -> 1949.4809 | N61: =A61 -> 101499.92 | O61: =B61 -> 650.7063 | P61: =IF(O61="","",Inputs!$C$5-O61) -> 174.4782 | Q61: =IF(N61="","",TS!J61) -> 2000 | R61: =IF(N61="","",TS!K61) -> 1825 | S61: =Inputs!$H$5+TS!P61*0.4333 -> 1950.5671 | T61: =Inputs!$G$5+TS!P61*0.4333 -> 1965.5671 | U61: =T61/(140000*C61/42) -> 0.98278356 | V61: =O61-MAX(O61:O177) -> -9.3381 | W61: =-(V61)*0.433 -> 4.0433973 | X61: =((PI()*((42-2*'Gen Calcs'!$E$13)^2)/4)/144)*(A104-#REF!)*(W61+14.7)/14.7 -> #REF! | Y61: =X61/1000 -> #REF! | Z61: =IF(Y61>Z60,Y61,Z60) -> #REF! | AA61: =MAX(B$2:B61)-B61 -> 174.4782 | AB61: =AA61*0.433 -> 75.549061 | AC61: =((MAX(O$2:O$1348)-O61)-(MAX(O$2:O$1348)-O61))*0.433+AD61 -> 99.29602 | AD61: =(AD$2*AF$1391)/AG61 -> 99.29602 | AE61: =PI()*(((42-2*C61)/12)^2/4)*D61 -> 907.92028 | AF61: =SUM(AE$2:AE61) -> 50781.166 | AG61: =AF$1391-AF61 -> 1122948.7
A62: 101599.92 | B62: 650.1332 | C62: 0.6 | D62: =A62-A61 -> 100 | E62: =(PI()/4*(42/12-(2*C104/12))^2)*(D62)*7.48 -> 6791.2437 | F62: =SUM(E$2:E62) -> 386413.21 | G62: =IF(C62=0.72,12,IF(C62=1,11,IF(C62=0.825,10,IF(C62=0.6,1,IF(C62=0.864,2,IF(C62=0.888,3)))))) -> 1 | H62: 1 | I62: =C62 -> 0.6 | J62: =VLOOKUP(G62,Inputs!$L$3:$P$15,5,FALSE) -> 2000 | K62: =IF(H62=1,1825,IF(H62=2,1825,2220)) -> 1825 | L62: =Inputs!$P$8-B62 -> 288.0578 | M62: =Inputs!$Q$8+L62*0.433 -> 1949.729 | N62: =A62 -> 101599.92 | O62: =B62 -> 650.1332 | P62: =IF(O62="","",Inputs!$C$5-O62) -> 175.0513 | Q62: =IF(N62="","",TS!J62) -> 2000 | R62: =IF(N62="","",TS!K62) -> 1825 | S62: =Inputs!$H$5+TS!P62*0.4333 -> 1950.8154 | T62: =Inputs!$G$5+TS!P62*0.4333 -> 1965.8154 | U62: =T62/(140000*C62/42) -> 0.98290772 | V62: =O62-MAX(O62:O177) -> -9.9112 | W62: =-(V62)*0.433 -> 4.2915496 | X62: =((PI()*((42-2*'Gen Calcs'!$E$13)^2)/4)/144)*(A105-#REF!)*(W62+14.7)/14.7 -> #REF! | Y62: =X62/1000 -> #REF! | Z62: =IF(Y62>Z61,Y62,Z61) -> #REF! | AA62: =MAX(B$2:B62)-B62 -> 175.0513 | AB62: =AA62*0.433 -> 75.797213 | AC62: =((MAX(O$2:O$1348)-O62)-(MAX(O$2:O$1348)-O62))*0.433+AD62 -> 99.376368 | AD62: =(AD$2*AF$1391)/AG62 -> 99.376368 | AE62: =PI()*(((42-2*C62)/12)^2/4)*D62 -> 907.92028 | AF62: =SUM(AE$2:AE62) -> 51689.086 | AG62: =AF$1391-AF62 -> 1122040.8
A63: 101699.92 | B63: 651.5988 | C63: 0.6 | D63: =A63-A62 -> 100 | E63: =(PI()/4*(42/12-(2*C105/12))^2)*(D63)*7.48 -> 6791.2437 | F63: =SUM(E$2:E63) -> 393204.45 | G63: =IF(C63=0.72,12,IF(C63=1,11,IF(C63=0.825,10,IF(C63=0.6,1,IF(C63=0.864,2,IF(C63=0.888,3)))))) -> 1 | H63: 1 | I63: =C63 -> 0.6 | J63: =VLOOKUP(G63,Inputs!$L$3:$P$15,5,FALSE) -> 2000 | K63: =IF(H63=1,1825,IF(H63=2,1825,2220)) -> 1825 | L63: =Inputs!$P$8-B63 -> 286.5922 | M63: =Inputs!$Q$8+L63*0.433 -> 1949.0944 | N63: =A63 -> 101699.92 | O63: =B63 -> 651.5988 | P63: =IF(O63="","",Inputs!$C$5-O63) -> 173.5857 | Q63: =IF(N63="","",TS!J63) -> 2000 | R63: =IF(N63="","",TS!K63) -> 1825 | S63: =Inputs!$H$5+TS!P63*0.4333 -> 1950.1804 | T63: =Inputs!$G$5+TS!P63*0.4333 -> 1965.1804 | U63: =T63/(140000*C63/42) -> 0.9825902 | V63: =O63-MAX(O63:O177) -> -8.4456 | W63: =-(V63)*0.433 -> 3.6569448 | X63: =((PI()*((42-2*'Gen Calcs'!$E$13)^2)/4)/144)*(A106-#REF!)*(W63+14.7)/14.7 -> #REF! | Y63: =X63/1000 -> #REF! | Z63: =IF(Y63>Z62,Y63,Z62) -> #REF! | AA63: =MAX(B$2:B63)-B63 -> 173.5857 | AB63: =AA63*0.433 -> 75.162608 | AC63: =((MAX(O$2:O$1348)-O63)-(MAX(O$2:O$1348)-O63))*0.433+AD63 -> 99.456845 | AD63: =(AD$2*AF$1391)/AG63 -> 99.456845 | AE63: =PI()*(((42-2*C63)/12)^2/4)*D63 -> 907.92028 | AF63: =SUM(AE$2:AE63) -> 52597.007 | AG63: =AF$1391-AF63 -> 1121132.9
A64: 101799.92 | B64: 652.6506 | C64: 0.6 | D64: =A64-A63 -> 100 | E64: =(PI()/4*(42/12-(2*C106/12))^2)*(D64)*7.48 -> 6791.2437 | F64: =SUM(E$2:E64) -> 399995.69 | G64: =IF(C64=0.72,12,IF(C64=1,11,IF(C64=0.825,10,IF(C64=0.6,1,IF(C64=0.864,2,IF(C64=0.888,3)))))) -> 1 | H64: 1 | I64: =C64 -> 0.6 | J64: =VLOOKUP(G64,Inputs!$L$3:$P$15,5,FALSE) -> 2000 | K64: =IF(H64=1,1825,IF(H64=2,1825,2220)) -> 1825 | L64: =Inputs!$P$8-B64 -> 285.5404 | M64: =Inputs!$Q$8+L64*0.433 -> 1948.639 | N64: =A64 -> 101799.92 | O64: =B64 -> 652.6506 | P64: =IF(O64="","",Inputs!$C$5-O64) -> 172.5339 | Q64: =IF(N64="","",TS!J64) -> 2000 | R64: =IF(N64="","",TS!K64) -> 1825 | S64: =Inputs!$H$5+TS!P64*0.4333 -> 1949.7247 | T64: =Inputs!$G$5+TS!P64*0.4333 -> 1964.7247 | U64: =T64/(140000*C64/42) -> 0.98236233 | V64: =O64-MAX(O64:O177) -> -7.3938 | W64: =-(V64)*0.433 -> 3.2015154 | X64: =((PI()*((42-2*'Gen Calcs'!$E$13)^2)/4)/144)*(A107-#REF!)*(W64+14.7)/14.7 -> #REF! | Y64: =X64/1000 -> #REF! | Z64: =IF(Y64>Z63,Y64,Z63) -> #REF! | AA64: =MAX(B$2:B64)-B64 -> 172.5339 | AB64: =AA64*0.433 -> 74.707179 | AC64: =((MAX(O$2:O$1348)-O64)-(MAX(O$2:O$1348)-O64))*0.433+AD64 -> 99.537453 | AD64: =(AD$2*AF$1391)/AG64 -> 99.537453 | AE64: =PI()*(((42-2*C64)/12)^2/4)*D64 -> 907.92028 | AF64: =SUM(AE$2:AE64) -> 53504.927 | AG64: =AF$1391-AF64 -> 1120225
A65: 101899.92 | B65: 653.5838 | C65: 0.6 | D65: =A65-A64 -> 100 | E65: =(PI()/4*(42/12-(2*C107/12))^2)*(D65)*7.48 -> 6791.2437 | F65: =SUM(E$2:E65) -> 406786.94 | G65: =IF(C65=0.72,12,IF(C65=1,11,IF(C65=0.825,10,IF(C65=0.6,1,IF(C65=0.864,2,IF(C65=0.888,3)))))) -> 1 | H65: 1 | I65: =C65 -> 0.6 | J65: =VLOOKUP(G65,Inputs!$L$3:$P$15,5,FALSE) -> 2000 | K65: =IF(H65=1,1825,IF(H65=2,1825,2220)) -> 1825 | L65: =Inputs!$P$8-B65 -> 284.6072 | M65: =Inputs!$Q$8+L65*0.433 -> 1948.2349 | N65: =A65 -> 101899.92 | O65: =B65 -> 653.5838 | P65: =IF(O65="","",Inputs!$C$5-O65) -> 171.6007 | Q65: =IF(N65="","",TS!J65) -> 2000 | R65: =IF(N65="","",TS!K65) -> 1825 | S65: =Inputs!$H$5+TS!P65*0.4333 -> 1949.3203 | T65: =Inputs!$G$5+TS!P65*0.4333 -> 1964.3203 | U65: =T65/(140000*C65/42) -> 0.98216015 | V65: =O65-MAX(O65:O177) -> -6.4606 | W65: =-(V65)*0.433 -> 2.7974398 | X65: =((PI()*((42-2*'Gen Calcs'!$E$13)^2)/4)/144)*(A108-#REF!)*(W65+14.7)/14.7 -> #REF! | Y65: =X65/1000 -> #REF! | Z65: =IF(Y65>Z64,Y65,Z64) -> #REF! | AA65: =MAX(B$2:B65)-B65 -> 171.6007 | AB65: =AA65*0.433 -> 74.303103 | AC65: =((MAX(O$2:O$1348)-O65)-(MAX(O$2:O$1348)-O65))*0.433+AD65 -> 99.618191 | AD65: =(AD$2*AF$1391)/AG65 -> 99.618191 | AE65: =PI()*(((42-2*C65)/12)^2/4)*D65 -> 907.92028 | AF65: =SUM(AE$2:AE65) -> 54412.847 | AG65: =AF$1391-AF65 -> 1119317.1
A66: 101918.7 | B66: 653.5838 | C66: 0.864 | D66: =A66-A65 -> 18.78 | E66: =(PI()/4*(42/12-(2*C108/12))^2)*(D66)*7.48 -> 1275.3956 | F66: =SUM(E$2:E66) -> 408062.33 | G66: =IF(C66=0.72,12,IF(C66=1,11,IF(C66=0.825,10,IF(C66=0.6,1,IF(C66=0.864,2,IF(C66=0.888,3)))))) -> 2 | H66: 1 | I66: =C66 -> 0.864 | J66: =VLOOKUP(G66,Inputs!$L$3:$P$15,5,FALSE) -> 2880 | K66: =IF(H66=1,1825,IF(H66=2,1825,2220)) -> 1825 | L66: =Inputs!$P$8-B66 -> 284.6072 | M66: =Inputs!$Q$8+L66*0.433 -> 1948.2349 | N66: =A66 -> 101918.7 | O66: =B66 -> 653.5838 | P66: =IF(O66="","",Inputs!$C$5-O66) -> 171.6007 | Q66: =IF(N66="","",TS!J66) -> 2880 | R66: =IF(N66="","",TS!K66) -> 1825 | S66: =Inputs!$H$5+TS!P66*0.4333 -> 1949.3203 | T66: =Inputs!$G$5+TS!P66*0.4333 -> 1964.3203 | U66: =T66/(140000*C66/42) -> 0.68205566 | V66: =O66-MAX(O66:O177) -> -6.4606 | W66: =-(V66)*0.433 -> 2.7974398 | X66: =((PI()*((42-2*'Gen Calcs'!$E$13)^2)/4)/144)*(A109-#REF!)*(W66+14.7)/14.7 -> #REF! | Y66: =X66/1000 -> #REF! | Z66: =IF(Y66>Z65,Y66,Z65) -> #REF! | AA66: =MAX(B$2:B66)-B66 -> 171.6007 | AB66: =AA66*0.433 -> 74.303103 | AC66: =((MAX(O$2:O$1348)-O66)-(MAX(O$2:O$1348)-O66))*0.433+AD66 -> 99.632978 | AD66: =(AD$2*AF$1391)/AG66 -> 99.632978 | AE66: =PI()*(((42-2*C66)/12)^2/4)*D66 -> 166.12285 | AF66: =SUM(AE$2:AE66) -> 54578.97 | AG66: =AF$1391-AF66 -> 1119150.9
A67: 101999.92 | B67: 653.8624 | C67: 0.6 | D67: =A67-A66 -> 81.22 | E67: =(PI()/4*(42/12-(2*C109/12))^2)*(D67)*7.48 -> 5515.8481 | F67: =SUM(E$2:E67) -> 413578.18 | G67: =IF(C67=0.72,12,IF(C67=1,11,IF(C67=0.825,10,IF(C67=0.6,1,IF(C67=0.864,2,IF(C67=0.888,3)))))) -> 1 | H67: 1 | I67: =C67 -> 0.6 | J67: =VLOOKUP(G67,Inputs!$L$3:$P$15,5,FALSE) -> 2000 | K67: =IF(H67=1,1825,IF(H67=2,1825,2220)) -> 1825 | L67: =Inputs!$P$8-B67 -> 284.3286 | M67: =Inputs!$Q$8+L67*0.433 -> 1948.1143 | N67: =A67 -> 101999.92 | O67: =B67 -> 653.8624 | P67: =IF(O67="","",Inputs!$C$5-O67) -> 171.3221 | Q67: =IF(N67="","",TS!J67) -> 2000 | R67: =IF(N67="","",TS!K67) -> 1825 | S67: =Inputs!$H$5+TS!P67*0.4333 -> 1949.1996 | T67: =Inputs!$G$5+TS!P67*0.4333 -> 1964.1996 | U67: =T67/(140000*C67/42) -> 0.98209979 | V67: =O67-MAX(O67:O177) -> -6.182 | W67: =-(V67)*0.433 -> 2.676806 | X67: =((PI()*((42-2*'Gen Calcs'!$E$13)^2)/4)/144)*(A110-#REF!)*(W67+14.7)/14.7 -> #REF! | Y67: =X67/1000 -> #REF! | Z67: =IF(Y67>Z66,Y67,Z66) -> #REF! | AA67: =MAX(B$2:B67)-B67 -> 171.3221 | AB67: =AA67*0.433 -> 74.182469 | AC67: =((MAX(O$2:O$1348)-O67)-(MAX(O$2:O$1348)-O67))*0.433+AD67 -> 99.69867 | AD67: =(AD$2*AF$1391)/AG67 -> 99.69867 | AE67: =PI()*(((42-2*C67)/12)^2/4)*D67 -> 737.41285 | AF67: =SUM(AE$2:AE67) -> 55316.383 | AG67: =AF$1391-AF67 -> 1118413.5
A68: 102099.92 | B68: 653.9224 | C68: 0.6 | D68: =A68-A67 -> 100 | E68: =(PI()/4*(42/12-(2*C110/12))^2)*(D68)*7.48 -> 6791.2437 | F68: =SUM(E$2:E68) -> 420369.43 | G68: =IF(C68=0.72,12,IF(C68=1,11,IF(C68=0.825,10,IF(C68=0.6,1,IF(C68=0.864,2,IF(C68=0.888,3)))))) -> 1 | H68: 1 | I68: =C68 -> 0.6 | J68: =VLOOKUP(G68,Inputs!$L$3:$P$15,5,FALSE) -> 2000 | K68: =IF(H68=1,1825,IF(H68=2,1825,2220)) -> 1825 | L68: =Inputs!$P$8-B68 -> 284.2686 | M68: =Inputs!$Q$8+L68*0.433 -> 1948.0883 | N68: =A68 -> 102099.92 | O68: =B68 -> 653.9224 | P68: =IF(O68="","",Inputs!$C$5-O68) -> 171.2621 | Q68: =IF(N68="","",TS!J68) -> 2000 | R68: =IF(N68="","",TS!K68) -> 1825 | S68: =Inputs!$H$5+TS!P68*0.4333 -> 1949.1736 | T68: =Inputs!$G$5+TS!P68*0.4333 -> 1964.1736 | U68: =T68/(140000*C68/42) -> 0.98208679 | V68: =O68-MAX(O68:O177) -> -6.122 | W68: =-(V68)*0.433 -> 2.650826 | X68: =((PI()*((42-2*'Gen Calcs'!$E$13)^2)/4)/144)*(A111-#REF!)*(W68+14.7)/14.7 -> #REF! | Y68: =X68/1000 -> #REF! | Z68: =IF(Y68>Z67,Y68,Z67) -> #REF! | AA68: =MAX(B$2:B68)-B68 -> 171.2621 | AB68: =AA68*0.433 -> 74.156489 | AC68: =((MAX(O$2:O$1348)-O68)-(MAX(O$2:O$1348)-O68))*0.433+AD68 -> 99.779671 | AD68: =(AD$2*AF$1391)/AG68 -> 99.779671 | AE68: =PI()*(((42-2*C68)/12)^2/4)*D68 -> 907.92028 | AF68: =SUM(AE$2:AE68) -> 56224.303 | AG68: =AF$1391-AF68 -> 1117505.6
A69: 102199.92 | B69: 653.8851 | C69: 0.6 | D69: =A69-A68 -> 100 | E69: =(PI()/4*(42/12-(2*C111/12))^2)*(D69)*7.48 -> 6791.2437 | F69: =SUM(E$2:E69) -> 427160.67 | G69: =IF(C69=0.72,12,IF(C69=1,11,IF(C69=0.825,10,IF(C69=0.6,1,IF(C69=0.864,2,IF(C69=0.888,3)))))) -> 1 | H69: 1 | I69: =C69 -> 0.6 | J69: =VLOOKUP(G69,Inputs!$L$3:$P$15,5,FALSE) -> 2000 | K69: =IF(H69=1,1825,IF(H69=2,1825,2220)) -> 1825 | L69: =Inputs!$P$8-B69 -> 284.3059 | M69: =Inputs!$Q$8+L69*0.433 -> 1948.1045 | N69: =A69 -> 102199.92 | O69: =B69 -> 653.8851 | P69: =IF(O69="","",Inputs!$C$5-O69) -> 171.2994 | Q69: =IF(N69="","",TS!J69) -> 2000 | R69: =IF(N69="","",TS!K69) -> 1825 | S69: =Inputs!$H$5+TS!P69*0.4333 -> 1949.1897 | T69: =Inputs!$G$5+TS!P69*0.4333 -> 1964.1897 | U69: =T69/(140000*C69/42) -> 0.98209487 | V69: =O69-MAX(O69:O177) -> -6.1593 | W69: =-(V69)*0.433 -> 2.6669769 | X69: =((PI()*((42-2*'Gen Calcs'!$E$13)^2)/4)/144)*(A112-#REF!)*(W69+14.7)/14.7 -> #REF! | Y69: =X69/1000 -> #REF! | Z69: =IF(Y69>Z68,Y69,Z68) -> #REF! | AA69: =MAX(B$2:B69)-B69 -> 171.2994 | AB69: =AA69*0.433 -> 74.17264 | AC69: =((MAX(O$2:O$1348)-O69)-(MAX(O$2:O$1348)-O69))*0.433+AD69 -> 99.860803 | AD69: =(AD$2*AF$1391)/AG69 -> 99.860803 | AE69: =PI()*(((42-2*C69)/12)^2/4)*D69 -> 907.92028 | AF69: =SUM(AE$2:AE69) -> 57132.224 | AG69: =AF$1391-AF69 -> 1116597.7
A70: 102299.92 | B70: 654.6982 | C70: 0.6 | D70: =A70-A69 -> 100 | E70: =(PI()/4*(42/12-(2*C112/12))^2)*(D70)*7.48 -> 6791.2437 | F70: =SUM(E$2:E70) -> 433951.91 | G70: =IF(C70=0.72,12,IF(C70=1,11,IF(C70=0.825,10,IF(C70=0.6,1,IF(C70=0.864,2,IF(C70=0.888,3)))))) -> 1 | H70: 1 | I70: =C70 -> 0.6 | J70: =VLOOKUP(G70,Inputs!$L$3:$P$15,5,FALSE) -> 2000 | K70: =IF(H70=1,1825,IF(H70=2,1825,2220)) -> 1825 | L70: =Inputs!$P$8-B70 -> 283.4928 | M70: =Inputs!$Q$8+L70*0.433 -> 1947.7524 | N70: =A70 -> 102299.92 | O70: =B70 -> 654.6982 | P70: =IF(O70="","",Inputs!$C$5-O70) -> 170.4863 | Q70: =IF(N70="","",TS!J70) -> 2000 | R70: =IF(N70="","",TS!K70) -> 1825 | S70: =Inputs!$H$5+TS!P70*0.4333 -> 1948.8374 | T70: =Inputs!$G$5+TS!P70*0.4333 -> 1963.8374 | U70: =T70/(140000*C70/42) -> 0.98191872 | V70: =O70-MAX(O70:O177) -> -5.3462 | W70: =-(V70)*0.433 -> 2.3149046 | X70: =((PI()*((42-2*'Gen Calcs'!$E$13)^2)/4)/144)*(A113-#REF!)*(W70+14.7)/14.7 -> #REF! | Y70: =X70/1000 -> #REF! | Z70: =IF(Y70>Z69,Y70,Z69) -> #REF! | AA70: =MAX(B$2:B70)-B70 -> 170.4863 | AB70: =AA70*0.433 -> 73.820568 | AC70: =((MAX(O$2:O$1348)-O70)-(MAX(O$2:O$1348)-O70))*0.433+AD70 -> 99.942067 | AD70: =(AD$2*AF$1391)/AG70 -> 99.942067 | AE70: =PI()*(((42-2*C70)/12)^2/4)*D70 -> 907.92028 | AF70: =SUM(AE$2:AE70) -> 58040.144 | AG70: =AF$1391-AF70 -> 1115689.8
A71: 102399.92 | B71: 655.5218 | C71: 0.6 | D71: =A71-A70 -> 100 | E71: =(PI()/4*(42/12-(2*C113/12))^2)*(D71)*7.48 -> 6791.2437 | F71: =SUM(E$2:E71) -> 440743.16 | G71: =IF(C71=0.72,12,IF(C71=1,11,IF(C71=0.825,10,IF(C71=0.6,1,IF(C71=0.864,2,IF(C71=0.888,3)))))) -> 1 | H71: 1 | I71: =C71 -> 0.6 | J71: =VLOOKUP(G71,Inputs!$L$3:$P$15,5,FALSE) -> 2000 | K71: =IF(H71=1,1825,IF(H71=2,1825,2220)) -> 1825 | L71: =Inputs!$P$8-B71 -> 282.6692 | M71: =Inputs!$Q$8+L71*0.433 -> 1947.3958 | N71: =A71 -> 102399.92 | O71: =B71 -> 655.5218 | P71: =IF(O71="","",Inputs!$C$5-O71) -> 169.6627 | Q71: =IF(N71="","",TS!J71) -> 2000 | R71: =IF(N71="","",TS!K71) -> 1825 | S71: =Inputs!$H$5+TS!P71*0.4333 -> 1948.4806 | T71: =Inputs!$G$5+TS!P71*0.4333 -> 1963.4806 | U71: =T71/(140000*C71/42) -> 0.98174028 | V71: =O71-MAX(O71:O177) -> -4.5226 | W71: =-(V71)*0.433 -> 1.9582858 | X71: =((PI()*((42-2*'Gen Calcs'!$E$13)^2)/4)/144)*(A114-#REF!)*(W71+14.7)/14.7 -> #REF! | Y71: =X71/1000 -> #REF! | Z71: =IF(Y71>Z70,Y71,Z70) -> #REF! | AA71: =MAX(B$2:B71)-B71 -> 169.6627 | AB71: =AA71*0.433 -> 73.463949 | AC71: =((MAX(O$2:O$1348)-O71)-(MAX(O$2:O$1348)-O71))*0.433+AD71 -> 100.02346 | AD71: =(AD$2*AF$1391)/AG71 -> 100.02346 | AE71: =PI()*(((42-2*C71)/12)^2/4)*D71 -> 907.92028 | AF71: =SUM(AE$2:AE71) -> 58948.064 | AG71: =AF$1391-AF71 -> 1114781.8
A72: 102499.92 | B72: 656.3544 | C72: 0.6 | D72: =A72-A71 -> 100 | E72: =(PI()/4*(42/12-(2*C114/12))^2)*(D72)*7.48 -> 6791.2437 | F72: =SUM(E$2:E72) -> 447534.4 | G72: =IF(C72=0.72,12,IF(C72=1,11,IF(C72=0.825,10,IF(C72=0.6,1,IF(C72=0.864,2,IF(C72=0.888,3)))))) -> 1 | H72: 1 | I72: =C72 -> 0.6 | J72: =VLOOKUP(G72,Inputs!$L$3:$P$15,5,FALSE) -> 2000 | K72: =IF(H72=1,1825,IF(H72=2,1825,2220)) -> 1825 | L72: =Inputs!$P$8-B72 -> 281.8366 | M72: =Inputs!$Q$8+L72*0.433 -> 1947.0352 | N72: =A72 -> 102499.92 | O72: =B72 -> 656.3544 | P72: =IF(O72="","",Inputs!$C$5-O72) -> 168.8301 | Q72: =IF(N72="","",TS!J72) -> 2000 | R72: =IF(N72="","",TS!K72) -> 1825 | S72: =Inputs!$H$5+TS!P72*0.4333 -> 1948.1198 | T72: =Inputs!$G$5+TS!P72*0.4333 -> 1963.1198 | U72: =T72/(140000*C72/42) -> 0.9815599 | V72: =O72-MAX(O72:O177) -> -3.69 | W72: =-(V72)*0.433 -> 1.59777 | X72: =((PI()*((42-2*'Gen Calcs'!$E$13)^2)/4)/144)*(A115-#REF!)*(W72+14.7)/14.7 -> #REF! | Y72: =X72/1000 -> #REF! | Z72: =IF(Y72>Z71,Y72,Z71) -> #REF! | AA72: =MAX(B$2:B72)-B72 -> 168.8301 | AB72: =AA72*0.433 -> 73.103433 | AC72: =((MAX(O$2:O$1348)-O72)-(MAX(O$2:O$1348)-O72))*0.433+AD72 -> 100.10499 | AD72: =(AD$2*AF$1391)/AG72 -> 100.10499 | AE72: =PI()*(((42-2*C72)/12)^2/4)*D72 -> 907.92028 | AF72: =SUM(AE$2:AE72) -> 59855.984 | AG72: =AF$1391-AF72 -> 1113873.9
A73: 102599.92 | B73: 656.603 | C73: 0.6 | D73: =A73-A72 -> 100 | E73: =(PI()/4*(42/12-(2*C115/12))^2)*(D73)*7.48 -> 6791.2437 | F73: =SUM(E$2:E73) -> 454325.64 | G73: =IF(C73=0.72,12,IF(C73=1,11,IF(C73=0.825,10,IF(C73=0.6,1,IF(C73=0.864,2,IF(C73=0.888,3)))))) -> 1 | H73: 1 | I73: =C73 -> 0.6 | J73: =VLOOKUP(G73,Inputs!$L$3:$P$15,5,FALSE) -> 2000 | K73: =IF(H73=1,1825,IF(H73=2,1825,2220)) -> 1825 | L73: =Inputs!$P$8-B73 -> 281.588 | M73: =Inputs!$Q$8+L73*0.433 -> 1946.9276 | N73: =A73 -> 102599.92 | O73: =B73 -> 656.603 | P73: =IF(O73="","",Inputs!$C$5-O73) -> 168.5815 | Q73: =IF(N73="","",TS!J73) -> 2000 | R73: =IF(N73="","",TS!K73) -> 1825 | S73: =Inputs!$H$5+TS!P73*0.4333 -> 1948.0121 | T73: =Inputs!$G$5+TS!P73*0.4333 -> 1963.0121 | U73: =T73/(140000*C73/42) -> 0.98150604 | V73: =O73-MAX(O73:O177) -> -3.4414 | W73: =-(V73)*0.433 -> 1.4901262 | X73: =((PI()*((42-2*'Gen Calcs'!$E$13)^2)/4)/144)*(A116-#REF!)*(W73+14.7)/14.7 -> #REF! | Y73: =X73/1000 -> #REF! | Z73: =IF(Y73>Z72,Y73,Z72) -> #REF! | AA73: =MAX(B$2:B73)-B73 -> 168.5815 | AB73: =AA73*0.433 -> 72.99579 | AC73: =((MAX(O$2:O$1348)-O73)-(MAX(O$2:O$1348)-O73))*0.433+AD73 -> 100.18666 | AD73: =(AD$2*AF$1391)/AG73 -> 100.18666 | AE73: =PI()*(((42-2*C73)/12)^2/4)*D73 -> 907.92028 | AF73: =SUM(AE$2:AE73) -> 60763.905 | AG73: =AF$1391-AF73 -> 1112966
A74: 102699.92 | B74: 656.2896 | C74: 0.6 | D74: =A74-A73 -> 100 | E74: =(PI()/4*(42/12-(2*C116/12))^2)*(D74)*7.48 -> 6791.2437 | F74: =SUM(E$2:E74) -> 461116.89 | G74: =IF(C74=0.72,12,IF(C74=1,11,IF(C74=0.825,10,IF(C74=0.6,1,IF(C74=0.864,2,IF(C74=0.888,3)))))) -> 1 | H74: 1 | I74: =C74 -> 0.6 | J74: =VLOOKUP(G74,Inputs!$L$3:$P$15,5,FALSE) -> 2000 | K74: =IF(H74=1,1825,IF(H74=2,1825,2220)) -> 1825 | L74: =Inputs!$P$8-B74 -> 281.9014 | M74: =Inputs!$Q$8+L74*0.433 -> 1947.0633 | N74: =A74 -> 102699.92 | O74: =B74 -> 656.2896 | P74: =IF(O74="","",Inputs!$C$5-O74) -> 168.8949 | Q74: =IF(N74="","",TS!J74) -> 2000 | R74: =IF(N74="","",TS!K74) -> 1825 | S74: =Inputs!$H$5+TS!P74*0.4333 -> 1948.1479 | T74: =Inputs!$G$5+TS!P74*0.4333 -> 1963.1479 | U74: =T74/(140000*C74/42) -> 0.98157394 | V74: =O74-MAX(O74:O177) -> -3.7548 | W74: =-(V74)*0.433 -> 1.6258284 | X74: =((PI()*((42-2*'Gen Calcs'!$E$13)^2)/4)/144)*(A117-#REF!)*(W74+14.7)/14.7 -> #REF! | Y74: =X74/1000 -> #REF! | Z74: =IF(Y74>Z73,Y74,Z73) -> #REF! | AA74: =MAX(B$2:B74)-B74 -> 168.8949 | AB74: =AA74*0.433 -> 73.131492 | AC74: =((MAX(O$2:O$1348)-O74)-(MAX(O$2:O$1348)-O74))*0.433+AD74 -> 100.26845 | AD74: =(AD$2*AF$1391)/AG74 -> 100.26845 | AE74: =PI()*(((42-2*C74)/12)^2/4)*D74 -> 907.92028 | AF74: =SUM(AE$2:AE74) -> 61671.825 | AG74: =AF$1391-AF74 -> 1112058.1
A75: 102799.92 | B75: 656.1484 | C75: 0.6 | D75: =A75-A74 -> 100 | E75: =(PI()/4*(42/12-(2*C117/12))^2)*(D75)*7.48 -> 6791.2437 | F75: =SUM(E$2:E75) -> 467908.13 | G75: =IF(C75=0.72,12,IF(C75=1,11,IF(C75=0.825,10,IF(C75=0.6,1,IF(C75=0.864,2,IF(C75=0.888,3)))))) -> 1 | H75: 1 | I75: =C75 -> 0.6 | J75: =VLOOKUP(G75,Inputs!$L$3:$P$15,5,FALSE) -> 2000 | K75: =IF(H75=1,1825,IF(H75=2,1825,2220)) -> 1825 | L75: =Inputs!$P$8-B75 -> 282.0426 | M75: =Inputs!$Q$8+L75*0.433 -> 1947.1244 | N75: =A75 -> 102799.92 | O75: =B75 -> 656.1484 | P75: =IF(O75="","",Inputs!$C$5-O75) -> 169.0361 | Q75: =IF(N75="","",TS!J75) -> 2000 | R75: =IF(N75="","",TS!K75) -> 1825 | S75: =Inputs!$H$5+TS!P75*0.4333 -> 1948.2091 | T75: =Inputs!$G$5+TS!P75*0.4333 -> 1963.2091 | U75: =T75/(140000*C75/42) -> 0.98160453 | V75: =O75-MAX(O75:O177) -> -3.896 | W75: =-(V75)*0.433 -> 1.686968 | X75: =((PI()*((42-2*'Gen Calcs'!$E$13)^2)/4)/144)*(A118-#REF!)*(W75+14.7)/14.7 -> #REF! | Y75: =X75/1000 -> #REF! | Z75: =IF(Y75>Z74,Y75,Z74) -> #REF! | AA75: =MAX(B$2:B75)-B75 -> 169.0361 | AB75: =AA75*0.433 -> 73.192631 | AC75: =((MAX(O$2:O$1348)-O75)-(MAX(O$2:O$1348)-O75))*0.433+AD75 -> 100.35038 | AD75: =(AD$2*AF$1391)/AG75 -> 100.35038 | AE75: =PI()*(((42-2*C75)/12)^2/4)*D75 -> 907.92028 | AF75: =SUM(AE$2:AE75) -> 62579.745 | AG75: =AF$1391-AF75 -> 1111150.2
A76: 102899.92 | B76: 656.1684 | C76: 0.6 | D76: =A76-A75 -> 100 | E76: =(PI()/4*(42/12-(2*C118/12))^2)*(D76)*7.48 -> 6791.2437 | F76: =SUM(E$2:E76) -> 474699.38 | G76: =IF(C76=0.72,12,IF(C76=1,11,IF(C76=0.825,10,IF(C76=0.6,1,IF(C76=0.864,2,IF(C76=0.888,3)))))) -> 1 | H76: 1 | I76: =C76 -> 0.6 | J76: =VLOOKUP(G76,Inputs!$L$3:$P$15,5,FALSE) -> 2000 | K76: =IF(H76=1,1825,IF(H76=2,1825,2220)) -> 1825 | L76: =Inputs!$P$8-B76 -> 282.0226 | M76: =Inputs!$Q$8+L76*0.433 -> 1947.1158 | N76: =A76 -> 102899.92 | O76: =B76 -> 656.1684 | P76: =IF(O76="","",Inputs!$C$5-O76) -> 169.0161 | Q76: =IF(N76="","",TS!J76) -> 2000 | R76: =IF(N76="","",TS!K76) -> 1825 | S76: =Inputs!$H$5+TS!P76*0.4333 -> 1948.2004 | T76: =Inputs!$G$5+TS!P76*0.4333 -> 1963.2004 | U76: =T76/(140000*C76/42) -> 0.9816002 | V76: =O76-MAX(O76:O177) -> -3.876 | W76: =-(V76)*0.433 -> 1.678308 | X76: =((PI()*((42-2*'Gen Calcs'!$E$13)^2)/4)/144)*(A119-#REF!)*(W76+14.7)/14.7 -> #REF! | Y76: =X76/1000 -> #REF! | Z76: =IF(Y76>Z75,Y76,Z75) -> #REF! | AA76: =MAX(B$2:B76)-B76 -> 169.0161 | AB76: =AA76*0.433 -> 73.183971 | AC76: =((MAX(O$2:O$1348)-O76)-(MAX(O$2:O$1348)-O76))*0.433+AD76 -> 100.43244 | AD76: =(AD$2*AF$1391)/AG76 -> 100.43244 | AE76: =PI()*(((42-2*C76)/12)^2/4)*D76 -> 907.92028 | AF76: =SUM(AE$2:AE76) -> 63487.665 | AG76: =AF$1391-AF76 -> 1110242.2
A77: 102999.92 | B77: 657.1265 | C77: 0.6 | D77: =A77-A76 -> 100 | E77: =(PI()/4*(42/12-(2*C119/12))^2)*(D77)*7.48 -> 6791.2437 | F77: =SUM(E$2:E77) -> 481490.62 | G77: =IF(C77=0.72,12,IF(C77=1,11,IF(C77=0.825,10,IF(C77=0.6,1,IF(C77=0.864,2,IF(C77=0.888,3)))))) -> 1 | H77: 1 | I77: =C77 -> 0.6 | J77: =VLOOKUP(G77,Inputs!$L$3:$P$15,5,FALSE) -> 2000 | K77: =IF(H77=1,1825,IF(H77=2,1825,2220)) -> 1825 | L77: =Inputs!$P$8-B77 -> 281.0645 | M77: =Inputs!$Q$8+L77*0.433 -> 1946.7009 | N77: =A77 -> 102999.92 | O77: =B77 -> 657.1265 | P77: =IF(O77="","",Inputs!$C$5-O77) -> 168.058 | Q77: =IF(N77="","",TS!J77) -> 2000 | R77: =IF(N77="","",TS!K77) -> 1825 | S77: =Inputs!$H$5+TS!P77*0.4333 -> 1947.7852 | T77: =Inputs!$G$5+TS!P77*0.4333 -> 1962.7852 | U77: =T77/(140000*C77/42) -> 0.98139262 | V77: =O77-MAX(O77:O177) -> -2.9179 | W77: =-(V77)*0.433 -> 1.2634507 | X77: =((PI()*((42-2*'Gen Calcs'!$E$13)^2)/4)/144)*(A120-#REF!)*(W77+14.7)/14.7 -> #REF! | Y77: =X77/1000 -> #REF! | Z77: =IF(Y77>Z76,Y77,Z76) -> #REF! | AA77: =MAX(B$2:B77)-B77 -> 168.058 | AB77: =AA77*0.433 -> 72.769114 | AC77: =((MAX(O$2:O$1348)-O77)-(MAX(O$2:O$1348)-O77))*0.433+AD77 -> 100.51464 | AD77: =(AD$2*AF$1391)/AG77 -> 100.51464 | AE77: =PI()*(((42-2*C77)/12)^2/4)*D77 -> 907.92028 | AF77: =SUM(AE$2:AE77) -> 64395.586 | AG77: =AF$1391-AF77 -> 1109334.3
A78: 103099.92 | B78: 657.7735 | C78: 0.6 | D78: =A78-A77 -> 100 | E78: =(PI()/4*(42/12-(2*C120/12))^2)*(D78)*7.48 -> 6791.2437 | F78: =SUM(E$2:E78) -> 488281.86 | G78: =IF(C78=0.72,12,IF(C78=1,11,IF(C78=0.825,10,IF(C78=0.6,1,IF(C78=0.864,2,IF(C78=0.888,3)))))) -> 1 | H78: 1 | I78: =C78 -> 0.6 | J78: =VLOOKUP(G78,Inputs!$L$3:$P$15,5,FALSE) -> 2000 | K78: =IF(H78=1,1825,IF(H78=2,1825,2220)) -> 1825 | L78: =Inputs!$P$8-B78 -> 280.4175 | M78: =Inputs!$Q$8+L78*0.433 -> 1946.4208 | N78: =A78 -> 103099.92 | O78: =B78 -> 657.7735 | P78: =IF(O78="","",Inputs!$C$5-O78) -> 167.411 | Q78: =IF(N78="","",TS!J78) -> 2000 | R78: =IF(N78="","",TS!K78) -> 1825 | S78: =Inputs!$H$5+TS!P78*0.4333 -> 1947.5049 | T78: =Inputs!$G$5+TS!P78*0.4333 -> 1962.5049 | U78: =T78/(140000*C78/42) -> 0.98125245 | V78: =O78-MAX(O78:O177) -> -2.2709 | W78: =-(V78)*0.433 -> 0.9832997 | X78: =((PI()*((42-2*'Gen Calcs'!$E$13)^2)/4)/144)*(A121-#REF!)*(W78+14.7)/14.7 -> #REF! | Y78: =X78/1000 -> #REF! | Z78: =IF(Y78>Z77,Y78,Z77) -> #REF! | AA78: =MAX(B$2:B78)-B78 -> 167.411 | AB78: =AA78*0.433 -> 72.488963 | AC78: =((MAX(O$2:O$1348)-O78)-(MAX(O$2:O$1348)-O78))*0.433+AD78 -> 100.59697 | AD78: =(AD$2*AF$1391)/AG78 -> 100.59697 | AE78: =PI()*(((42-2*C78)/12)^2/4)*D78 -> 907.92028 | AF78: =SUM(AE$2:AE78) -> 65303.506 | AG78: =AF$1391-AF78 -> 1108426.4
A79: 103199.92 | B79: 659.6029 | C79: 0.6 | D79: =A79-A78 -> 100 | E79: =(PI()/4*(42/12-(2*C121/12))^2)*(D79)*7.48 -> 6791.2437 | F79: =SUM(E$2:E79) -> 495073.11 | G79: =IF(C79=0.72,12,IF(C79=1,11,IF(C79=0.825,10,IF(C79=0.6,1,IF(C79=0.864,2,IF(C79=0.888,3)))))) -> 1 | H79: 1 | I79: =C79 -> 0.6 | J79: =VLOOKUP(G79,Inputs!$L$3:$P$15,5,FALSE) -> 2000 | K79: =IF(H79=1,1825,IF(H79=2,1825,2220)) -> 1825 | L79: =Inputs!$P$8-B79 -> 278.5881 | M79: =Inputs!$Q$8+L79*0.433 -> 1945.6286 | N79: =A79 -> 103199.92 | O79: =B79 -> 659.6029 | P79: =IF(O79="","",Inputs!$C$5-O79) -> 165.5816 | Q79: =IF(N79="","",TS!J79) -> 2000 | R79: =IF(N79="","",TS!K79) -> 1825 | S79: =Inputs!$H$5+TS!P79*0.4333 -> 1946.7122 | T79: =Inputs!$G$5+TS!P79*0.4333 -> 1961.7122 | U79: =T79/(140000*C79/42) -> 0.98085611 | V79: =O79-MAX(O79:O177) -> -0.4415 | W79: =-(V79)*0.433 -> 0.1911695 | X79: =((PI()*((42-2*'Gen Calcs'!$E$13)^2)/4)/144)*(A122-#REF!)*(W79+14.7)/14.7 -> #REF! | Y79: =X79/1000 -> #REF! | Z79: =IF(Y79>Z78,Y79,Z78) -> #REF! | AA79: =MAX(B$2:B79)-B79 -> 165.5816 | AB79: =AA79*0.433 -> 71.696833 | AC79: =((MAX(O$2:O$1348)-O79)-(MAX(O$2:O$1348)-O79))*0.433+AD79 -> 100.67944 | AD79: =(AD$2*AF$1391)/AG79 -> 100.67944 | AE79: =PI()*(((42-2*C79)/12)^2/4)*D79 -> 907.92028 | AF79: =SUM(AE$2:AE79) -> 66211.426 | AG79: =AF$1391-AF79 -> 1107518.5
A80: 103299.92 | B80: 660.0444 | C80: 0.6 | D80: =A80-A79 -> 100 | E80: =(PI()/4*(42/12-(2*C122/12))^2)*(D80)*7.48 -> 6791.2437 | F80: =SUM(E$2:E80) -> 501864.35 | G80: =IF(C80=0.72,12,IF(C80=1,11,IF(C80=0.825,10,IF(C80=0.6,1,IF(C80=0.864,2,IF(C80=0.888,3)))))) -> 1 | H80: 1 | I80: =C80 -> 0.6 | J80: =VLOOKUP(G80,Inputs!$L$3:$P$15,5,FALSE) -> 2000 | K80: =IF(H80=1,1825,IF(H80=2,1825,2220)) -> 1825 | L80: =Inputs!$P$8-B80 -> 278.1466 | M80: =Inputs!$Q$8+L80*0.433 -> 1945.4375 | N80: =A80 -> 103299.92 | O80: =B80 -> 660.0444 | P80: =IF(O80="","",Inputs!$C$5-O80) -> 165.1401 | Q80: =IF(N80="","",TS!J80) -> 2000 | R80: =IF(N80="","",TS!K80) -> 1825 | S80: =Inputs!$H$5+TS!P80*0.4333 -> 1946.5209 | T80: =Inputs!$G$5+TS!P80*0.4333 -> 1961.5209 | U80: =T80/(140000*C80/42) -> 0.98076046 | V80: =O80-MAX(O80:O177) -> 0 | W80: =-(V80)*0.433 -> 0 | X80: =((PI()*((42-2*'Gen Calcs'!$E$13)^2)/4)/144)*(A123-#REF!)*(W80+14.7)/14.7 -> #REF! | Y80: =X80/1000 -> #REF! | Z80: =IF(Y80>Z79,Y80,Z79) -> #REF! | AA80: =MAX(B$2:B80)-B80 -> 165.1401 | AB80: =AA80*0.433 -> 71.505663 | AC80: =((MAX(O$2:O$1348)-O80)-(MAX(O$2:O$1348)-O80))*0.433+AD80 -> 100.76204 | AD80: =(AD$2*AF$1391)/AG80 -> 100.76204 | AE80: =PI()*(((42-2*C80)/12)^2/4)*D80 -> 907.92028 | AF80: =SUM(AE$2:AE80) -> 67119.347 | AG80: =AF$1391-AF80 -> 1106610.6
A81: 103399.92 | B81: 658.6808 | C81: 0.6 | D81: =A81-A80 -> 100 | E81: =(PI()/4*(42/12-(2*C123/12))^2)*(D81)*7.48 -> 6791.2437 | F81: =SUM(E$2:E81) -> 508655.59 | G81: =IF(C81=0.72,12,IF(C81=1,11,IF(C81=0.825,10,IF(C81=0.6,1,IF(C81=0.864,2,IF(C81=0.888,3)))))) -> 1 | H81: 1 | I81: =C81 -> 0.6 | J81: =VLOOKUP(G81,Inputs!$L$3:$P$15,5,FALSE) -> 2000 | K81: =IF(H81=1,1825,IF(H81=2,1825,2220)) -> 1825 | L81: =Inputs!$P$8-B81 -> 279.5102 | M81: =Inputs!$Q$8+L81*0.433 -> 1946.0279 | N81: =A81 -> 103399.92 | O81: =B81 -> 658.6808 | P81: =IF(O81="","",Inputs!$C$5-O81) -> 166.5037 | Q81: =IF(N81="","",TS!J81) -> 2000 | R81: =IF(N81="","",TS!K81) -> 1825 | S81: =Inputs!$H$5+TS!P81*0.4333 -> 1947.1118 | T81: =Inputs!$G$5+TS!P81*0.4333 -> 1962.1118 | U81: =T81/(140000*C81/42) -> 0.98105588 | V81: =O81-MAX(O81:O177) -> 0 | W81: =-(V81)*0.433 -> 0 | X81: =((PI()*((42-2*'Gen Calcs'!$E$13)^2)/4)/144)*(A124-#REF!)*(W81+14.7)/14.7 -> #REF! | Y81: =X81/1000 -> #REF! | Z81: =IF(Y81>Z80,Y81,Z80) -> #REF! | AA81: =MAX(B$2:B81)-B81 -> 166.5037 | AB81: =AA81*0.433 -> 72.096102 | AC81: =((MAX(O$2:O$1348)-O81)-(MAX(O$2:O$1348)-O81))*0.433+AD81 -> 100.84478 | AD81: =(AD$2*AF$1391)/AG81 -> 100.84478 | AE81: =PI()*(((42-2*C81)/12)^2/4)*D81 -> 907.92028 | AF81: =SUM(AE$2:AE81) -> 68027.267 | AG81: =AF$1391-AF81 -> 1105702.6
A82: 103499.92 | B82: 657.8723 | C82: 0.6 | D82: =A82-A81 -> 100 | E82: =(PI()/4*(42/12-(2*C124/12))^2)*(D82)*7.48 -> 6791.2437 | F82: =SUM(E$2:E82) -> 515446.84 | G82: =IF(C82=0.72,12,IF(C82=1,11,IF(C82=0.825,10,IF(C82=0.6,1,IF(C82=0.864,2,IF(C82=0.888,3)))))) -> 1 | H82: 1 | I82: =C82 -> 0.6 | J82: =VLOOKUP(G82,Inputs!$L$3:$P$15,5,FALSE) -> 2000 | K82: =IF(H82=1,1825,IF(H82=2,1825,2220)) -> 1825 | L82: =Inputs!$P$8-B82 -> 280.3187 | M82: =Inputs!$Q$8+L82*0.433 -> 1946.378 | N82: =A82 -> 103499.92 | O82: =B82 -> 657.8723 | P82: =IF(O82="","",Inputs!$C$5-O82) -> 167.3122 | Q82: =IF(N82="","",TS!J82) -> 2000 | R82: =IF(N82="","",TS!K82) -> 1825 | S82: =Inputs!$H$5+TS!P82*0.4333 -> 1947.4621 | T82: =Inputs!$G$5+TS!P82*0.4333 -> 1962.4621 | U82: =T82/(140000*C82/42) -> 0.98123105 | V82: =O82-MAX(O82:O177) -> 0 | W82: =-(V82)*0.433 -> 0 | X82: =((PI()*((42-2*'Gen Calcs'!$E$13)^2)/4)/144)*(A125-#REF!)*(W82+14.7)/14.7 -> #REF! | Y82: =X82/1000 -> #REF! | Z82: =IF(Y82>Z81,Y82,Z81) -> #REF! | AA82: =MAX(B$2:B82)-B82 -> 167.3122 | AB82: =AA82*0.433 -> 72.446183 | AC82: =((MAX(O$2:O$1348)-O82)-(MAX(O$2:O$1348)-O82))*0.433+AD82 -> 100.92766 | AD82: =(AD$2*AF$1391)/AG82 -> 100.92766 | AE82: =PI()*(((42-2*C82)/12)^2/4)*D82 -> 907.92028 | AF82: =SUM(AE$2:AE82) -> 68935.187 | AG82: =AF$1391-AF82 -> 1104794.7
A83: 103599.92 | B83: 656.3609 | C83: 0.6 | D83: =A83-A82 -> 100 | E83: =(PI()/4*(42/12-(2*C125/12))^2)*(D83)*7.48 -> 6791.2437 | F83: =SUM(E$2:E83) -> 522238.08 | G83: =IF(C83=0.72,12,IF(C83=1,11,IF(C83=0.825,10,IF(C83=0.6,1,IF(C83=0.864,2,IF(C83=0.888,3)))))) -> 1 | H83: 1 | I83: =C83 -> 0.6 | J83: =VLOOKUP(G83,Inputs!$L$3:$P$15,5,FALSE) -> 2000 | K83: =IF(H83=1,1825,IF(H83=2,1825,2220)) -> 1825 | L83: =Inputs!$P$8-B83 -> 281.8301 | M83: =Inputs!$Q$8+L83*0.433 -> 1947.0324 | N83: =A83 -> 103599.92 | O83: =B83 -> 656.3609 | P83: =IF(O83="","",Inputs!$C$5-O83) -> 168.8236 | Q83: =IF(N83="","",TS!J83) -> 2000 | R83: =IF(N83="","",TS!K83) -> 1825 | S83: =Inputs!$H$5+TS!P83*0.4333 -> 1948.117 | T83: =Inputs!$G$5+TS!P83*0.4333 -> 1963.117 | U83: =T83/(140000*C83/42) -> 0.98155849 | V83: =O83-MAX(O83:O177) -> -0.2031 | W83: =-(V83)*0.433 -> 0.0879423 | X83: =((PI()*((42-2*'Gen Calcs'!$E$13)^2)/4)/144)*(A126-#REF!)*(W83+14.7)/14.7 -> #REF! | Y83: =X83/1000 -> #REF! | Z83: =IF(Y83>Z82,Y83,Z82) -> #REF! | AA83: =MAX(B$2:B83)-B83 -> 168.8236 | AB83: =AA83*0.433 -> 73.100619 | AC83: =((MAX(O$2:O$1348)-O83)-(MAX(O$2:O$1348)-O83))*0.433+AD83 -> 101.01067 | AD83: =(AD$2*AF$1391)/AG83 -> 101.01067 | AE83: =PI()*(((42-2*C83)/12)^2/4)*D83 -> 907.92028 | AF83: =SUM(AE$2:AE83) -> 69843.107 | AG83: =AF$1391-AF83 -> 1103886.8
A84: 103699.92 | B84: 655.593 | C84: 0.6 | D84: =A84-A83 -> 100 | E84: =(PI()/4*(42/12-(2*C126/12))^2)*(D84)*7.48 -> 6791.2437 | F84: =SUM(E$2:E84) -> 529029.32 | G84: =IF(C84=0.72,12,IF(C84=1,11,IF(C84=0.825,10,IF(C84=0.6,1,IF(C84=0.864,2,IF(C84=0.888,3)))))) -> 1 | H84: 1 | I84: =C84 -> 0.6 | J84: =VLOOKUP(G84,Inputs!$L$3:$P$15,5,FALSE) -> 2000 | K84: =IF(H84=1,1825,IF(H84=2,1825,2220)) -> 1825 | L84: =Inputs!$P$8-B84 -> 282.598 | M84: =Inputs!$Q$8+L84*0.433 -> 1947.3649 | N84: =A84 -> 103699.92 | O84: =B84 -> 655.593 | P84: =IF(O84="","",Inputs!$C$5-O84) -> 169.5915 | Q84: =IF(N84="","",TS!J84) -> 2000 | R84: =IF(N84="","",TS!K84) -> 1825 | S84: =Inputs!$H$5+TS!P84*0.4333 -> 1948.4497 | T84: =Inputs!$G$5+TS!P84*0.4333 -> 1963.4497 | U84: =T84/(140000*C84/42) -> 0.98172486 | V84: =O84-MAX(O84:O177) -> -0.971 | W84: =-(V84)*0.433 -> 0.420443 | X84: =((PI()*((42-2*'Gen Calcs'!$E$13)^2)/4)/144)*(A127-#REF!)*(W84+14.7)/14.7 -> #REF! | Y84: =X84/1000 -> #REF! | Z84: =IF(Y84>Z83,Y84,Z83) -> #REF! | AA84: =MAX(B$2:B84)-B84 -> 169.5915 | AB84: =AA84*0.433 -> 73.43312 | AC84: =((MAX(O$2:O$1348)-O84)-(MAX(O$2:O$1348)-O84))*0.433+AD84 -> 101.09381 | AD84: =(AD$2*AF$1391)/AG84 -> 101.09381 | AE84: =PI()*(((42-2*C84)/12)^2/4)*D84 -> 907.92028 | AF84: =SUM(AE$2:AE84) -> 70751.028 | AG84: =AF$1391-AF84 -> 1102978.9
A85: 103799.92 | B85: 655.5224 | C85: 0.6 | D85: =A85-A84 -> 100 | E85: =(PI()/4*(42/12-(2*C127/12))^2)*(D85)*7.48 -> 6791.2437 | F85: =SUM(E$2:E85) -> 535820.57 | G85: =IF(C85=0.72,12,IF(C85=1,11,IF(C85=0.825,10,IF(C85=0.6,1,IF(C85=0.864,2,IF(C85=0.888,3)))))) -> 1 | H85: 1 | I85: =C85 -> 0.6 | J85: =VLOOKUP(G85,Inputs!$L$3:$P$15,5,FALSE) -> 2000 | K85: =IF(H85=1,1825,IF(H85=2,1825,2220)) -> 1825 | L85: =Inputs!$P$8-B85 -> 282.6686 | M85: =Inputs!$Q$8+L85*0.433 -> 1947.3955 | N85: =A85 -> 103799.92 | O85: =B85 -> 655.5224 | P85: =IF(O85="","",Inputs!$C$5-O85) -> 169.6621 | Q85: =IF(N85="","",TS!J85) -> 2000 | R85: =IF(N85="","",TS!K85) -> 1825 | S85: =Inputs!$H$5+TS!P85*0.4333 -> 1948.4803 | T85: =Inputs!$G$5+TS!P85*0.4333 -> 1963.4803 | U85: =T85/(140000*C85/42) -> 0.98174015 | V85: =O85-MAX(O85:O177) -> -1.0416 | W85: =-(V85)*0.433 -> 0.4510128 | X85: =((PI()*((42-2*'Gen Calcs'!$E$13)^2)/4)/144)*(A128-#REF!)*(W85+14.7)/14.7 -> #REF! | Y85: =X85/1000 -> #REF! | Z85: =IF(Y85>Z84,Y85,Z84) -> #REF! | AA85: =MAX(B$2:B85)-B85 -> 169.6621 | AB85: =AA85*0.433 -> 73.463689 | AC85: =((MAX(O$2:O$1348)-O85)-(MAX(O$2:O$1348)-O85))*0.433+AD85 -> 101.1771 | AD85: =(AD$2*AF$1391)/AG85 -> 101.1771 | AE85: =PI()*(((42-2*C85)/12)^2/4)*D85 -> 907.92028 | AF85: =SUM(AE$2:AE85) -> 71658.948 | AG85: =AF$1391-AF85 -> 1102071
A86: 103809.3 | B86: 655.5224 | C86: 0.864 | D86: =A86-A85 -> 9.38 | E86: =(PI()/4*(42/12-(2*C128/12))^2)*(D86)*7.48 -> 637.01866 | F86: =SUM(E$2:E86) -> 536457.59 | G86: =IF(C86=0.72,12,IF(C86=1,11,IF(C86=0.825,10,IF(C86=0.6,1,IF(C86=0.864,2,IF(C86=0.888,3)))))) -> 2 | H86: 1 | I86: =C86 -> 0.864 | J86: =VLOOKUP(G86,Inputs!$L$3:$P$15,5,FALSE) -> 2880 | K86: =IF(H86=1,1825,IF(H86=2,1825,2220)) -> 1825 | L86: =Inputs!$P$8-B86 -> 282.6686 | M86: =Inputs!$Q$8+L86*0.433 -> 1947.3955 | N86: =A86 -> 103809.3 | O86: =B86 -> 655.5224 | P86: =IF(O86="","",Inputs!$C$5-O86) -> 169.6621 | Q86: =IF(N86="","",TS!J86) -> 2880 | R86: =IF(N86="","",TS!K86) -> 1825 | S86: =Inputs!$H$5+TS!P86*0.4333 -> 1948.4803 | T86: =Inputs!$G$5+TS!P86*0.4333 -> 1963.4803 | U86: =T86/(140000*C86/42) -> 0.68176399 | V86: =O86-MAX(O86:O177) -> -1.0416 | W86: =-(V86)*0.433 -> 0.4510128 | X86: =((PI()*((42-2*'Gen Calcs'!$E$13)^2)/4)/144)*(A129-#REF!)*(W86+14.7)/14.7 -> #REF! | Y86: =X86/1000 -> #REF! | Z86: =IF(Y86>Z85,Y86,Z85) -> #REF! | AA86: =MAX(B$2:B86)-B86 -> 169.6621 | AB86: =AA86*0.433 -> 73.463689 | AC86: =((MAX(O$2:O$1348)-O86)-(MAX(O$2:O$1348)-O86))*0.433+AD86 -> 101.18472 | AD86: =(AD$2*AF$1391)/AG86 -> 101.18472 | AE86: =PI()*(((42-2*C86)/12)^2/4)*D86 -> 82.972968 | AF86: =SUM(AE$2:AE86) -> 71741.921 | AG86: =AF$1391-AF86 -> 1101988
A87: 103899.92 | B87: 656.564 | C87: 0.6 | D87: =A87-A86 -> 90.62 | E87: =(PI()/4*(42/12-(2*C129/12))^2)*(D87)*7.48 -> 6154.225 | F87: =SUM(E$2:E87) -> 542611.81 | G87: =IF(C87=0.72,12,IF(C87=1,11,IF(C87=0.825,10,IF(C87=0.6,1,IF(C87=0.864,2,IF(C87=0.888,3)))))) -> 1 | H87: 1 | I87: =C87 -> 0.6 | J87: =VLOOKUP(G87,Inputs!$L$3:$P$15,5,FALSE) -> 2000 | K87: =IF(H87=1,1825,IF(H87=2,1825,2220)) -> 1825 | L87: =Inputs!$P$8-B87 -> 281.627 | M87: =Inputs!$Q$8+L87*0.433 -> 1946.9445 | N87: =A87 -> 103899.92 | O87: =B87 -> 656.564 | P87: =IF(O87="","",Inputs!$C$5-O87) -> 168.6205 | Q87: =IF(N87="","",TS!J87) -> 2000 | R87: =IF(N87="","",TS!K87) -> 1825 | S87: =Inputs!$H$5+TS!P87*0.4333 -> 1948.029 | T87: =Inputs!$G$5+TS!P87*0.4333 -> 1963.029 | U87: =T87/(140000*C87/42) -> 0.98151449 | V87: =O87-MAX(O87:O177) -> 0 | W87: =-(V87)*0.433 -> 0 | X87: =((PI()*((42-2*'Gen Calcs'!$E$13)^2)/4)/144)*(A130-#REF!)*(W87+14.7)/14.7 -> #REF! | Y87: =X87/1000 -> #REF! | Z87: =IF(Y87>Z86,Y87,Z86) -> #REF! | AA87: =MAX(B$2:B87)-B87 -> 168.6205 | AB87: =AA87*0.433 -> 73.012676 | AC87: =((MAX(O$2:O$1348)-O87)-(MAX(O$2:O$1348)-O87))*0.433+AD87 -> 101.26032 | AD87: =(AD$2*AF$1391)/AG87 -> 101.26032 | AE87: =PI()*(((42-2*C87)/12)^2/4)*D87 -> 822.75735 | AF87: =SUM(AE$2:AE87) -> 72564.678 | AG87: =AF$1391-AF87 -> 1101165.2
A88: 103929.3 | B88: 656.564 | C88: 0.864 | D88: =A88-A87 -> 29.38 | E88: =(PI()/4*(42/12-(2*C130/12))^2)*(D88)*7.48 -> 1995.2674 | F88: =SUM(E$2:E88) -> 544607.08 | G88: =IF(C88=0.72,12,IF(C88=1,11,IF(C88=0.825,10,IF(C88=0.6,1,IF(C88=0.864,2,IF(C88=0.888,3)))))) -> 2 | H88: 1 | I88: =C88 -> 0.864 | J88: =VLOOKUP(G88,Inputs!$L$3:$P$15,5,FALSE) -> 2880 | K88: =IF(H88=1,1825,IF(H88=2,1825,2220)) -> 1825 | L88: =Inputs!$P$8-B88 -> 281.627 | M88: =Inputs!$Q$8+L88*0.433 -> 1946.9445 | N88: =A88 -> 103929.3 | O88: =B88 -> 656.564 | P88: =IF(O88="","",Inputs!$C$5-O88) -> 168.6205 | Q88: =IF(N88="","",TS!J88) -> 2880 | R88: =IF(N88="","",TS!K88) -> 1825 | S88: =Inputs!$H$5+TS!P88*0.4333 -> 1948.029 | T88: =Inputs!$G$5+TS!P88*0.4333 -> 1963.029 | U88: =T88/(140000*C88/42) -> 0.68160728 | V88: =O88-MAX(O88:O177) -> 0 | W88: =-(V88)*0.433 -> 0 | X88: =((PI()*((42-2*'Gen Calcs'!$E$13)^2)/4)/144)*(A131-#REF!)*(W88+14.7)/14.7 -> #REF! | Y88: =X88/1000 -> #REF! | Z88: =IF(Y88>Z87,Y88,Z87) -> #REF! | AA88: =MAX(B$2:B88)-B88 -> 168.6205 | AB88: =AA88*0.433 -> 73.012676 | AC88: =((MAX(O$2:O$1348)-O88)-(MAX(O$2:O$1348)-O88))*0.433+AD88 -> 101.28422 | AD88: =(AD$2*AF$1391)/AG88 -> 101.28422 | AE88: =PI()*(((42-2*C88)/12)^2/4)*D88 -> 259.88761 | AF88: =SUM(AE$2:AE88) -> 72824.566 | AG88: =AF$1391-AF88 -> 1100905.3
A89: 103999.92 | B89: 654.2884 | C89: 0.6 | D89: =A89-A88 -> 70.62 | E89: =(PI()/4*(42/12-(2*C131/12))^2)*(D89)*7.48 -> 4672.6483 | F89: =SUM(E$2:E89) -> 549279.73 | G89: =IF(C89=0.72,12,IF(C89=1,11,IF(C89=0.825,10,IF(C89=0.6,1,IF(C89=0.864,2,IF(C89=0.888,3)))))) -> 1 | H89: 1 | I89: =C89 -> 0.6 | J89: =VLOOKUP(G89,Inputs!$L$3:$P$15,5,FALSE) -> 2000 | K89: =IF(H89=1,1825,IF(H89=2,1825,2220)) -> 1825 | L89: =Inputs!$P$8-B89 -> 283.9026 | M89: =Inputs!$Q$8+L89*0.433 -> 1947.9298 | N89: =A89 -> 103999.92 | O89: =B89 -> 654.2884 | P89: =IF(O89="","",Inputs!$C$5-O89) -> 170.8961 | Q89: =IF(N89="","",TS!J89) -> 2000 | R89: =IF(N89="","",TS!K89) -> 1825 | S89: =Inputs!$H$5+TS!P89*0.4333 -> 1949.015 | T89: =Inputs!$G$5+TS!P89*0.4333 -> 1964.015 | U89: =T89/(140000*C89/42) -> 0.9820075 | V89: =O89-MAX(O89:O177) -> -0.0544 | W89: =-(V89)*0.433 -> 0.0235552 | X89: =((PI()*((42-2*'Gen Calcs'!$E$13)^2)/4)/144)*(A132-#REF!)*(W89+14.7)/14.7 -> #REF! | Y89: =X89/1000 -> #REF! | Z89: =IF(Y89>Z88,Y89,Z88) -> #REF! | AA89: =MAX(B$2:B89)-B89 -> 170.8961 | AB89: =AA89*0.433 -> 73.998011 | AC89: =((MAX(O$2:O$1348)-O89)-(MAX(O$2:O$1348)-O89))*0.433+AD89 -> 101.34325 | AD89: =(AD$2*AF$1391)/AG89 -> 101.34325 | AE89: =PI()*(((42-2*C89)/12)^2/4)*D89 -> 641.1733 | AF89: =SUM(AE$2:AE89) -> 73465.739 | AG89: =AF$1391-AF89 -> 1100264.2
A90: 104099.92 | B90: 654.3428 | C90: 0.6 | D90: =A90-A89 -> 100 | E90: =(PI()/4*(42/12-(2*C132/12))^2)*(D90)*7.48 -> 6791.2437 | F90: =SUM(E$2:E90) -> 556070.97 | G90: =IF(C90=0.72,12,IF(C90=1,11,IF(C90=0.825,10,IF(C90=0.6,1,IF(C90=0.864,2,IF(C90=0.888,3)))))) -> 1 | H90: 1 | I90: =C90 -> 0.6 | J90: =VLOOKUP(G90,Inputs!$L$3:$P$15,5,FALSE) -> 2000 | K90: =IF(H90=1,1825,IF(H90=2,1825,2220)) -> 1825 | L90: =Inputs!$P$8-B90 -> 283.8482 | M90: =Inputs!$Q$8+L90*0.433 -> 1947.9063 | N90: =A90 -> 104099.92 | O90: =B90 -> 654.3428 | P90: =IF(O90="","",Inputs!$C$5-O90) -> 170.8417 | Q90: =IF(N90="","",TS!J90) -> 2000 | R90: =IF(N90="","",TS!K90) -> 1825 | S90: =Inputs!$H$5+TS!P90*0.4333 -> 1948.9914 | T90: =Inputs!$G$5+TS!P90*0.4333 -> 1963.9914 | U90: =T90/(140000*C90/42) -> 0.98199571 | V90: =O90-MAX(O90:O177) -> 0 | W90: =-(V90)*0.433 -> 0 | X90: =((PI()*((42-2*'Gen Calcs'!$E$13)^2)/4)/144)*(A133-#REF!)*(W90+14.7)/14.7 -> #REF! | Y90: =X90/1000 -> #REF! | Z90: =IF(Y90>Z89,Y90,Z89) -> #REF! | AA90: =MAX(B$2:B90)-B90 -> 170.8417 | AB90: =AA90*0.433 -> 73.974456 | AC90: =((MAX(O$2:O$1348)-O90)-(MAX(O$2:O$1348)-O90))*0.433+AD90 -> 101.42694 | AD90: =(AD$2*AF$1391)/AG90 -> 101.42694 | AE90: =PI()*(((42-2*C90)/12)^2/4)*D90 -> 907.92028 | AF90: =SUM(AE$2:AE90) -> 74373.659 | AG90: =AF$1391-AF90 -> 1099356.2
A91: 104199.92 | B91: 653.0222 | C91: 0.6 | D91: =A91-A90 -> 100 | E91: =(PI()/4*(42/12-(2*C133/12))^2)*(D91)*7.48 -> 6791.2437 | F91: =SUM(E$2:E91) -> 562862.22 | G91: =IF(C91=0.72,12,IF(C91=1,11,IF(C91=0.825,10,IF(C91=0.6,1,IF(C91=0.864,2,IF(C91=0.888,3)))))) -> 1 | H91: 1 | I91: =C91 -> 0.6 | J91: =VLOOKUP(G91,Inputs!$L$3:$P$15,5,FALSE) -> 2000 | K91: =IF(H91=1,1825,IF(H91=2,1825,2220)) -> 1825 | L91: =Inputs!$P$8-B91 -> 285.1688 | M91: =Inputs!$Q$8+L91*0.433 -> 1948.4781 | N91: =A91 -> 104199.92 | O91: =B91 -> 653.0222 | P91: =IF(O91="","",Inputs!$C$5-O91) -> 172.1623 | Q91: =IF(N91="","",TS!J91) -> 2000 | R91: =IF(N91="","",TS!K91) -> 1825 | S91: =Inputs!$H$5+TS!P91*0.4333 -> 1949.5636 | T91: =Inputs!$G$5+TS!P91*0.4333 -> 1964.5636 | U91: =T91/(140000*C91/42) -> 0.98228182 | V91: =O91-MAX(O91:O177) -> 0 | W91: =-(V91)*0.433 -> 0 | X91: =((PI()*((42-2*'Gen Calcs'!$E$13)^2)/4)/144)*(A134-#REF!)*(W91+14.7)/14.7 -> #REF! | Y91: =X91/1000 -> #REF! | Z91: =IF(Y91>Z90,Y91,Z90) -> #REF! | AA91: =MAX(B$2:B91)-B91 -> 172.1623 | AB91: =AA91*0.433 -> 74.546276 | AC91: =((MAX(O$2:O$1348)-O91)-(MAX(O$2:O$1348)-O91))*0.433+AD91 -> 101.51078 | AD91: =(AD$2*AF$1391)/AG91 -> 101.51078 | AE91: =PI()*(((42-2*C91)/12)^2/4)*D91 -> 907.92028 | AF91: =SUM(AE$2:AE91) -> 75281.58 | AG91: =AF$1391-AF91 -> 1098448.3
A92: 104299.92 | B92: 651.2192 | C92: 0.6 | D92: =A92-A91 -> 100 | E92: =(PI()/4*(42/12-(2*C134/12))^2)*(D92)*7.48 -> 6791.2437 | F92: =SUM(E$2:E92) -> 569653.46 | G92: =IF(C92=0.72,12,IF(C92=1,11,IF(C92=0.825,10,IF(C92=0.6,1,IF(C92=0.864,2,IF(C92=0.888,3)))))) -> 1 | H92: 1 | I92: =C92 -> 0.6 | J92: =VLOOKUP(G92,Inputs!$L$3:$P$15,5,FALSE) -> 2000 | K92: =IF(H92=1,1825,IF(H92=2,1825,2220)) -> 1825 | L92: =Inputs!$P$8-B92 -> 286.9718 | M92: =Inputs!$Q$8+L92*0.433 -> 1949.2588 | N92: =A92 -> 104299.92 | O92: =B92 -> 651.2192 | P92: =IF(O92="","",Inputs!$C$5-O92) -> 173.9653 | Q92: =IF(N92="","",TS!J92) -> 2000 | R92: =IF(N92="","",TS!K92) -> 1825 | S92: =Inputs!$H$5+TS!P92*0.4333 -> 1950.3449 | T92: =Inputs!$G$5+TS!P92*0.4333 -> 1965.3449 | U92: =T92/(140000*C92/42) -> 0.98267244 | AA92: =MAX(B$2:B92)-B92 -> 173.9653 | AB92: =AA92*0.433 -> 75.326975 | AC92: =((MAX(O$2:O$1348)-O92)-(MAX(O$2:O$1348)-O92))*0.433+AD92 -> 101.59475 | AD92: =(AD$2*AF$1391)/AG92 -> 101.59475 | AE92: =PI()*(((42-2*C92)/12)^2/4)*D92 -> 907.92028 | AF92: =SUM(AE$2:AE92) -> 76189.5 | AG92: =AF$1391-AF92 -> 1097540.4
A93: 104399.92 | B93: 648.7934 | C93: 0.6 | D93: =A93-A92 -> 100 | E93: =(PI()/4*(42/12-(2*C135/12))^2)*(D93)*7.48 -> 6791.2437 | F93: =SUM(E$2:E93) -> 576444.7 | G93: =IF(C93=0.72,12,IF(C93=1,11,IF(C93=0.825,10,IF(C93=0.6,1,IF(C93=0.864,2,IF(C93=0.888,3)))))) -> 1 | H93: 1 | I93: =C93 -> 0.6 | J93: =VLOOKUP(G93,Inputs!$L$3:$P$15,5,FALSE) -> 2000 | K93: =IF(H93=1,1825,IF(H93=2,1825,2220)) -> 1825 | L93: =Inputs!$P$8-B93 -> 289.3976 | M93: =Inputs!$Q$8+L93*0.433 -> 1950.3092 | N93: =A93 -> 104399.92 | O93: =B93 -> 648.7934 | P93: =IF(O93="","",Inputs!$C$5-O93) -> 176.3911 | Q93: =IF(N93="","",TS!J93) -> 2000 | R93: =IF(N93="","",TS!K93) -> 1825 | S93: =Inputs!$H$5+TS!P93*0.4333 -> 1951.396 | T93: =Inputs!$G$5+TS!P93*0.4333 -> 1966.396 | U93: =T93/(140000*C93/42) -> 0.98319799 | AA93: =MAX(B$2:B93)-B93 -> 176.3911 | AB93: =AA93*0.433 -> 76.377346 | AC93: =((MAX(O$2:O$1348)-O93)-(MAX(O$2:O$1348)-O93))*0.433+AD93 -> 101.67886 | AD93: =(AD$2*AF$1391)/AG93 -> 101.67886 | AE93: =PI()*(((42-2*C93)/12)^2/4)*D93 -> 907.92028 | AF93: =SUM(AE$2:AE93) -> 77097.42 | AG93: =AF$1391-AF93 -> 1096632.5
A94: 104499.92 | B94: 646.4801 | C94: 0.6 | D94: =A94-A93 -> 100 | E94: =(PI()/4*(42/12-(2*C136/12))^2)*(D94)*7.48 -> 6791.2437 | F94: =SUM(E$2:E94) -> 583235.95 | G94: =IF(C94=0.72,12,IF(C94=1,11,IF(C94=0.825,10,IF(C94=0.6,1,IF(C94=0.864,2,IF(C94=0.888,3)))))) -> 1 | H94: 1 | I94: =C94 -> 0.6 | J94: =VLOOKUP(G94,Inputs!$L$3:$P$15,5,FALSE) -> 2000 | K94: =IF(H94=1,1825,IF(H94=2,1825,2220)) -> 1825 | L94: =Inputs!$P$8-B94 -> 291.7109 | M94: =Inputs!$Q$8+L94*0.433 -> 1951.3108 | N94: =A94 -> 104499.92 | O94: =B94 -> 646.4801 | P94: =IF(O94="","",Inputs!$C$5-O94) -> 178.7044 | Q94: =IF(N94="","",TS!J94) -> 2000 | R94: =IF(N94="","",TS!K94) -> 1825 | S94: =Inputs!$H$5+TS!P94*0.4333 -> 1952.3983 | T94: =Inputs!$G$5+TS!P94*0.4333 -> 1967.3983 | U94: =T94/(140000*C94/42) -> 0.98369917 | V94: =O94-MAX(O94:O177) -> -4.6771 | W94: =-(V94)*0.433 -> 2.0251843 | X94: =((PI()*((42-2*'Gen Calcs'!$E$13)^2)/4)/144)*(A137-#REF!)*(W94+14.7)/14.7 -> #REF! | Y94: =X94/1000 -> #REF! | Z94: =IF(Y94>Z91,Y94,Z91) -> #REF! | AA94: =MAX(B$2:B94)-B94 -> 178.7044 | AB94: =AA94*0.433 -> 77.379005 | AC94: =((MAX(O$2:O$1348)-O94)-(MAX(O$2:O$1348)-O94))*0.433+AD94 -> 101.76311 | AD94: =(AD$2*AF$1391)/AG94 -> 101.76311 | AE94: =PI()*(((42-2*C94)/12)^2/4)*D94 -> 907.92028 | AF94: =SUM(AE$2:AE94) -> 78005.341 | AG94: =AF$1391-AF94 -> 1095724.6
A95: 104599.92 | B95: 645.9272 | C95: 0.6 | D95: =A95-A94 -> 100 | E95: =(PI()/4*(42/12-(2*C137/12))^2)*(D95)*7.48 -> 6791.2437 | F95: =SUM(E$2:E95) -> 590027.19 | G95: =IF(C95=0.72,12,IF(C95=1,11,IF(C95=0.825,10,IF(C95=0.6,1,IF(C95=0.864,2,IF(C95=0.888,3)))))) -> 1 | H95: 1 | I95: =C95 -> 0.6 | J95: =VLOOKUP(G95,Inputs!$L$3:$P$15,5,FALSE) -> 2000 | K95: =IF(H95=1,1825,IF(H95=2,1825,2220)) -> 1825 | L95: =Inputs!$P$8-B95 -> 292.2638 | M95: =Inputs!$Q$8+L95*0.433 -> 1951.5502 | N95: =A95 -> 104599.92 | O95: =B95 -> 645.9272 | P95: =IF(O95="","",Inputs!$C$5-O95) -> 179.2573 | Q95: =IF(N95="","",TS!J95) -> 2000 | R95: =IF(N95="","",TS!K95) -> 1825 | S95: =Inputs!$H$5+TS!P95*0.4333 -> 1952.6379 | T95: =Inputs!$G$5+TS!P95*0.4333 -> 1967.6379 | U95: =T95/(140000*C95/42) -> 0.98381895 | V95: =O95-MAX(O95:O177) -> -5.23 | W95: =-(V95)*0.433 -> 2.26459 | X95: =((PI()*((42-2*'Gen Calcs'!$E$13)^2)/4)/144)*(A138-#REF!)*(W95+14.7)/14.7 -> #REF! | Y95: =X95/1000 -> #REF! | Z95: =IF(Y95>Z94,Y95,Z94) -> #REF! | AA95: =MAX(B$2:B95)-B95 -> 179.2573 | AB95: =AA95*0.433 -> 77.618411 | AC95: =((MAX(O$2:O$1348)-O95)-(MAX(O$2:O$1348)-O95))*0.433+AD95 -> 101.8475 | AD95: =(AD$2*AF$1391)/AG95 -> 101.8475 | AE95: =PI()*(((42-2*C95)/12)^2/4)*D95 -> 907.92028 | AF95: =SUM(AE$2:AE95) -> 78913.261 | AG95: =AF$1391-AF95 -> 1094816.6
A96: 104699.92 | B96: 644.4286 | C96: 0.6 | D96: =A96-A95 -> 100 | E96: =(PI()/4*(42/12-(2*C138/12))^2)*(D96)*7.48 -> 6791.2437 | F96: =SUM(E$2:E96) -> 596818.43 | G96: =IF(C96=0.72,12,IF(C96=1,11,IF(C96=0.825,10,IF(C96=0.6,1,IF(C96=0.864,2,IF(C96=0.888,3)))))) -> 1 | H96: 1 | I96: =C96 -> 0.6 | J96: =VLOOKUP(G96,Inputs!$L$3:$P$15,5,FALSE) -> 2000 | K96: =IF(H96=1,1825,IF(H96=2,1825,2220)) -> 1825 | L96: =Inputs!$P$8-B96 -> 293.7624 | M96: =Inputs!$Q$8+L96*0.433 -> 1952.1991 | N96: =A96 -> 104699.92 | O96: =B96 -> 644.4286 | P96: =IF(O96="","",Inputs!$C$5-O96) -> 180.7559 | Q96: =IF(N96="","",TS!J96) -> 2000 | R96: =IF(N96="","",TS!K96) -> 1825 | S96: =Inputs!$H$5+TS!P96*0.4333 -> 1953.2872 | T96: =Inputs!$G$5+TS!P96*0.4333 -> 1968.2872 | U96: =T96/(140000*C96/42) -> 0.98414362 | V96: =O96-MAX(O96:O177) -> -6.7286 | W96: =-(V96)*0.433 -> 2.9134838 | X96: =((PI()*((42-2*'Gen Calcs'!$E$13)^2)/4)/144)*(A139-#REF!)*(W96+14.7)/14.7 -> #REF! | Y96: =X96/1000 -> #REF! | Z96: =IF(Y96>Z95,Y96,Z95) -> #REF! | AA96: =MAX(B$2:B96)-B96 -> 180.7559 | AB96: =AA96*0.433 -> 78.267305 | AC96: =((MAX(O$2:O$1348)-O96)-(MAX(O$2:O$1348)-O96))*0.433+AD96 -> 101.93203 | AD96: =(AD$2*AF$1391)/AG96 -> 101.93203 | AE96: =PI()*(((42-2*C96)/12)^2/4)*D96 -> 907.92028 | AF96: =SUM(AE$2:AE96) -> 79821.181 | AG96: =AF$1391-AF96 -> 1093908.7
A97: 104799.92 | B97: 642.6379 | C97: 0.6 | D97: =A97-A96 -> 100 | E97: =(PI()/4*(42/12-(2*C139/12))^2)*(D97)*7.48 -> 6791.2437 | F97: =SUM(E$2:E97) -> 603609.68 | G97: =IF(C97=0.72,12,IF(C97=1,11,IF(C97=0.825,10,IF(C97=0.6,1,IF(C97=0.864,2,IF(C97=0.888,3)))))) -> 1 | H97: 1 | I97: =C97 -> 0.6 | J97: =VLOOKUP(G97,Inputs!$L$3:$P$15,5,FALSE) -> 2000 | K97: =IF(H97=1,1825,IF(H97=2,1825,2220)) -> 1825 | L97: =Inputs!$P$8-B97 -> 295.5531 | M97: =Inputs!$Q$8+L97*0.433 -> 1952.9745 | N97: =A97 -> 104799.92 | O97: =B97 -> 642.6379 | P97: =IF(O97="","",Inputs!$C$5-O97) -> 182.5466 | Q97: =IF(N97="","",TS!J97) -> 2000 | R97: =IF(N97="","",TS!K97) -> 1825 | S97: =Inputs!$H$5+TS!P97*0.4333 -> 1954.0632 | T97: =Inputs!$G$5+TS!P97*0.4333 -> 1969.0632 | U97: =T97/(140000*C97/42) -> 0.98453158 | V97: =O97-MAX(O97:O177) -> -8.5193 | W97: =-(V97)*0.433 -> 3.6888569 | X97: =((PI()*((42-2*'Gen Calcs'!$E$13)^2)/4)/144)*(A140-#REF!)*(W97+14.7)/14.7 -> #REF! | Y97: =X97/1000 -> #REF! | Z97: =IF(Y97>Z96,Y97,Z96) -> #REF! | AA97: =MAX(B$2:B97)-B97 -> 182.5466 | AB97: =AA97*0.433 -> 79.042678 | AC97: =((MAX(O$2:O$1348)-O97)-(MAX(O$2:O$1348)-O97))*0.433+AD97 -> 102.01671 | AD97: =(AD$2*AF$1391)/AG97 -> 102.01671 | AE97: =PI()*(((42-2*C97)/12)^2/4)*D97 -> 907.92028 | AF97: =SUM(AE$2:AE97) -> 80729.101 | AG97: =AF$1391-AF97 -> 1093000.8
A98: 104899.92 | B98: 642.4001 | C98: 0.6 | D98: =A98-A97 -> 100 | E98: =(PI()/4*(42/12-(2*C140/12))^2)*(D98)*7.48 -> 6791.2437 | F98: =SUM(E$2:E98) -> 610400.92 | G98: =IF(C98=0.72,12,IF(C98=1,11,IF(C98=0.825,10,IF(C98=0.6,1,IF(C98=0.864,2,IF(C98=0.888,3)))))) -> 1 | H98: 1 | I98: =C98 -> 0.6 | J98: =VLOOKUP(G98,Inputs!$L$3:$P$15,5,FALSE) -> 2000 | K98: =IF(H98=1,1825,IF(H98=2,1825,2220)) -> 1825 | L98: =Inputs!$P$8-B98 -> 295.7909 | M98: =Inputs!$Q$8+L98*0.433 -> 1953.0775 | N98: =A98 -> 104899.92 | O98: =B98 -> 642.4001 | P98: =IF(O98="","",Inputs!$C$5-O98) -> 182.7844 | Q98: =IF(N98="","",TS!J98) -> 2000 | R98: =IF(N98="","",TS!K98) -> 1825 | S98: =Inputs!$H$5+TS!P98*0.4333 -> 1954.1662 | T98: =Inputs!$G$5+TS!P98*0.4333 -> 1969.1662 | U98: =T98/(140000*C98/42) -> 0.9845831 | V98: =O98-MAX(O98:O177) -> -8.7571 | W98: =-(V98)*0.433 -> 3.7918243 | X98: =((PI()*((42-2*'Gen Calcs'!$E$13)^2)/4)/144)*(A141-#REF!)*(W98+14.7)/14.7 -> #REF! | Y98: =X98/1000 -> #REF! | Z98: =IF(Y98>Z97,Y98,Z97) -> #REF! | AA98: =MAX(B$2:B98)-B98 -> 182.7844 | AB98: =AA98*0.433 -> 79.145645 | AC98: =((MAX(O$2:O$1348)-O98)-(MAX(O$2:O$1348)-O98))*0.433+AD98 -> 102.10152 | AD98: =(AD$2*AF$1391)/AG98 -> 102.10152 | AE98: =PI()*(((42-2*C98)/12)^2/4)*D98 -> 907.92028 | AF98: =SUM(AE$2:AE98) -> 81637.022 | AG98: =AF$1391-AF98 -> 1092092.9
A99: 104999.92 | B99: 641.6004 | C99: 0.6 | D99: =A99-A98 -> 100 | E99: =(PI()/4*(42/12-(2*C141/12))^2)*(D99)*7.48 -> 6616.6077 | F99: =SUM(E$2:E99) -> 617017.53 | G99: =IF(C99=0.72,12,IF(C99=1,11,IF(C99=0.825,10,IF(C99=0.6,1,IF(C99=0.864,2,IF(C99=0.888,3)))))) -> 1 | H99: 1 | I99: =C99 -> 0.6 | J99: =VLOOKUP(G99,Inputs!$L$3:$P$15,5,FALSE) -> 2000 | K99: =IF(H99=1,1825,IF(H99=2,1825,2220)) -> 1825 | L99: =Inputs!$P$8-B99 -> 296.5906 | M99: =Inputs!$Q$8+L99*0.433 -> 1953.4237 | N99: =A99 -> 104999.92 | O99: =B99 -> 641.6004 | P99: =IF(O99="","",Inputs!$C$5-O99) -> 183.5841 | Q99: =IF(N99="","",TS!J99) -> 2000 | R99: =IF(N99="","",TS!K99) -> 1825 | S99: =Inputs!$H$5+TS!P99*0.4333 -> 1954.5127 | T99: =Inputs!$G$5+TS!P99*0.4333 -> 1969.5127 | U99: =T99/(140000*C99/42) -> 0.98475635 | V99: =O99-MAX(O99:O177) -> -9.5568 | W99: =-(V99)*0.433 -> 4.1380944 | X99: =((PI()*((42-2*'Gen Calcs'!$E$13)^2)/4)/144)*(A142-#REF!)*(W99+14.7)/14.7 -> #REF! | Y99: =X99/1000 -> #REF! | Z99: =IF(Y99>Z98,Y99,Z98) -> #REF! | AA99: =MAX(B$2:B99)-B99 -> 183.5841 | AB99: =AA99*0.433 -> 79.491915 | AC99: =((MAX(O$2:O$1348)-O99)-(MAX(O$2:O$1348)-O99))*0.433+AD99 -> 102.18647 | AD99: =(AD$2*AF$1391)/AG99 -> 102.18647 | AE99: =PI()*(((42-2*C99)/12)^2/4)*D99 -> 907.92028 | AF99: =SUM(AE$2:AE99) -> 82544.942 | AG99: =AF$1391-AF99 -> 1091185
A100: 105099.92 | B100: 641.265 | C100: 0.6 | D100: =A100-A99 -> 100 | E100: =(PI()/4*(42/12-(2*C142/12))^2)*(D100)*7.48 -> 6791.2437 | F100: =SUM(E$2:E100) -> 623808.77 | G100: =IF(C100=0.72,12,IF(C100=1,11,IF(C100=0.825,10,IF(C100=0.6,1,IF(C100=0.864,2,IF(C100=0.888,3)))))) -> 1 | H100: 1 | I100: =C100 -> 0.6 | J100: =VLOOKUP(G100,Inputs!$L$3:$P$15,5,FALSE) -> 2000 | K100: =IF(H100=1,1825,IF(H100=2,1825,2220)) -> 1825 | L100: =Inputs!$P$8-B100 -> 296.926 | M100: =Inputs!$Q$8+L100*0.433 -> 1953.569 | N100: =A100 -> 105099.92 | O100: =B100 -> 641.265 | P100: =IF(O100="","",Inputs!$C$5-O100) -> 183.9195 | Q100: =IF(N100="","",TS!J100) -> 2000 | R100: =IF(N100="","",TS!K100) -> 1825 | S100: =Inputs!$H$5+TS!P100*0.4333 -> 1954.658 | T100: =Inputs!$G$5+TS!P100*0.4333 -> 1969.658 | U100: =T100/(140000*C100/42) -> 0.98482902 | V100: =O100-MAX(O100:O177) -> -9.8922 | W100: =-(V100)*0.433 -> 4.2833226 | X100: =((PI()*((42-2*'Gen Calcs'!$E$13)^2)/4)/144)*(A143-#REF!)*(W100+14.7)/14.7 -> #REF! | Y100: =X100/1000 -> #REF! | Z100: =IF(Y100>Z99,Y100,Z99) -> #REF! | AA100: =MAX(B$2:B100)-B100 -> 183.9195 | AB100: =AA100*0.433 -> 79.637143 | AC100: =((MAX(O$2:O$1348)-O100)-(MAX(O$2:O$1348)-O100))*0.433+AD100 -> 102.27157 | AD100: =(AD$2*AF$1391)/AG100 -> 102.27157 | AE100: =PI()*(((42-2*C100)/12)^2/4)*D100 -> 907.92028 | AF100: =SUM(AE$2:AE100) -> 83452.862 | AG100: =AF$1391-AF100 -> 1090277
...

Sheet Inputs
A1: Hugh Brinson Spread 5 Test Section 5
A2: Test Section 5 | B2: Station | C2: Elevation | F2: Location | G2: Max Pressure | H2: Min Pressure | I2: Static Head Pressure | L2: Maximum Pressure Based on SMYS
A3: Begin | B3: =TS!A2 -> 95899.92 | C3: =INDEX(TS!B2:B1391, MATCH(Inputs!B3,TS!A2:A1391,0),1) -> 825.1845 | D3: High Point | E3: =MAX(TS!B2:B1391) -> 938.191 | F3: =INDEX(TS!A2:A1391, MATCH(Inputs!E3,TS!B2:B1391,0),1) -> 162799.92 | G3: =VLOOKUP(F3,TS!N$2:S$1348,4,FALSE) -> 2000 | H3: =VLOOKUP(F3,TS!N$2:S$1348,5,FALSE) -> 1825 | I3: Fill | J3: Dewater | L3: Material | M3: W.T. | N3: Grade | O3: SMYS | P3: Max Press | Q3: Comments
A4: End | B4: =TS!A1391 -> 225299.92 | C4: =INDEX(TS!B2:B1391, MATCH(Inputs!B4,TS!A2:A1391,0),1) -> 757.0796 | D4: Low Point | E4: =MIN(TS!B2:B1391) -> 572.8108 | F4: =INDEX(TS!A2:A1391, MATCH(Inputs!E4,TS!B2:B1391,0),1) -> 116999.92 | G4: =VLOOKUP(F4,TS!N$2:S$1348,4,FALSE) -> 2000 | H4: =VLOOKUP(F4,TS!N$2:S$1348,5,FALSE) -> 1825 | I4: =(E3-C5)*0.4333 -> 48.965716 | J4: =(E3-C5)*0.4333 -> 48.965716 | L4: 1 | M4: 0.6 | N4: 70000 | O4: =2*N4*M4/42 -> 2000 | P4: =O4 -> 2000
A5: Test Site | B5: =B3 -> 95899.92 | C5: =INDEX(TS!B2:B1391, MATCH(Inputs!B5,TS!A2:A1391,0),1) -> 825.1845 | G5: =H5+15 -> 1889.9657 | H5: =H3+(E3-C5)*0.4333+1 -> 1874.9657 | I5: Test Headers | L5: 2 | M5: 0.864 | N5: 70000 | O5: =2*N5*M5/42 -> 2880 | P5: =O5 -> 2880
A6: Volume | B6: =TS!F1391 -> 8789611.9 | D6: Dewater Location | F6: =B4 -> 225299.92 | G6: Fill Site | H6: =B5 -> 95899.92 | I6: =IF(H5>2250, "MVP Headers", "Precision Headers") -> Precision Headers
P7: Elevation | Q7: Min Pressure
O8: High Point | P8: =MAX(TS!B2:B1479) -> 938.191 | Q8: {=INDEX(TS!K2:K1436, MATCH(Inputs!P8,TS!B2:B1479,0),0)} -> 1825
A9: User Defined Inputs. Note mileposts must be exact in order to calculate properly
A10: Calculations based on user defined inputs. Verify test site pressures fall within max/min
A11: Ensure Class Location Minimum Test Requirements are met
A12: ¹First tested section
A13: Max Head Pressure doesn't include backpressure and/or pressure required to propel dewatering pig
A14: Adjust based on pressure window desired
A16: Test Section 5
A17: Low Point Elevation | C17: =E4 -> 572.8108 | D17: Minimum | E17: =E$19+(C$19-C$17)*0.4333 -> 1984.3192 | F17: Maximum | G17: =G$19+(C$19-C$17)*0.4333 -> 1999.3192
A18: High Point Elevation | C18: =E3 -> 938.191 | D18: Minimum | E18: =E$19-(C$18-C$19)*0.4333 -> 1826 | F18: Maximum | G18: =G$19-(C$18-C$19)*0.4333 -> 1841
A19: Dead Weight Elevation | C19: =C5 -> 825.1845 | D19: Minimum | E19: =H5 -> 1874.9657 | F19: Maximum | G19: =G5 -> 1889.9657
A21: Section | B21: Start MP | C21: End MP | D21: Length | E21: Fill Volume | F21: Squeeze | G21: Total
A22: TS 5 | B22: =B3 -> 95899.92 | C22: =B4 -> 225299.92 | D22: =C22-B22 -> 129400 | E22: =B6 -> 8789611.9 | F22: =1.7*G5*D22/5280 -> 78741.413 | G22: =E22+F22 -> 8868353.3

Sheet Gen Calcs
B3: 1 (0.617"W, FBE) | C3: 34603.938 | D3: 0.617 | E3: =C3*D3 -> 21350.63
B4: 2 (0.740"W, FBE) | C4: 1729.081 | D4: 0.74 | E4: =C4*D4 -> 1279.5199
B5: 3 (0.888"W, FBE) | C5: 249.672 | D5: 0.888 | E5: =C5*D5 -> 221.70874
B6: 4 (0.740"W, FBE+ARO) | D6: 0.74 | E6: =C6*D6 -> 0
B7: 5 (0.888"W, FBE+ARO) | D7: 0.888 | E7: =C7*D7 -> 0
B8: 6 (0.617"W, FBE+ARO) | D8: 0.617 | E8: =C8*D8 -> 0
B9: 7 (ANSI 600 MIJ)
B10: 8 (ANSI 900 MIJ)
B11: 9 (0.888"W, Powercrete)
B12: Total | C12: =SUM(C3:C11) -> 36582.691 | E12: =SUM(E3:E11) -> 22851.858
C13: =C12-C9 -> 36582.691 | E13: =E12/C13 -> 0.62466313
B16: Air pressure
B17: Total Air required in 3 | C17: =TS!#REF!*1000 -> #REF!
B18: Transferred from Section 3 to 4 | C18: =TS!#REF!*1000 -> #REF!
B19: Total Air required in 4 | C19: =TS!#REF!*1000 -> #REF!
B20: Addl Air Required 4 after transfer from 3 | C20: =C19-C18 -> #REF!
B21: Transferred from Section 4 to 5 | C21: =C19 -> #REF!
B22: Total air required in 5 | C22: =TS!#REF!*1000 -> #REF!
B23: Addl Air Required 5 after transfer from 4 | C23: =C22-C21 -> #REF!
B24: Total air required in 6 | C24: =TS!#REF!*1000 -> #REF!
B25: Addl Air Required 6 after transfer from 5 | C25: =C24-C23 -> #REF!
B26: Total air required without transfer | C26: =C17+C19+C22+C24 -> #REF!
B27: Air required with transfer | C27: =C24 -> #REF!
B29: Vol/mi (gal) | C29: =((PI()*((42-2*'Gen Calcs'!$E$13)^2)/4)/144)*5280*7.48 -> 357711.17
B30: Vol/mi (ft3) | C30: =C29/7.48 -> 47822.348 | D30: MP
A31: 1&2 Fill | B31: T 1 & 2 backpressure max | C31: =MAX(TS!AD2:AD177) -> 108.69202 | D31: 74.82
B32: T 1 & 2 backpressure (2) | C32: =TS!#REF! -> #REF! | D32: 76.68
B33: T1 & T2 Pressure volume basis 1 start | C33: 239 | D33: 68.6
B34: T1 & T2 Pressure volume basis 1 end | C34: 343 | D34: 71.24
A35: 1&2 Dewater | B35: Max Air Volume | C35: =MAX(TS!#REF!) -> #REF! | D35: 68.66
B36: Air Input Rate SCFM | C36: 10000
B37: Air run time required (hours) | C37: =C35/C36/60 -> #REF!
B38: Calculated Dewater flow rate gpm (ave) | C38: =(Inputs!#REF!-'Gen Calcs'!D33)*'Gen Calcs'!C29/'Gen Calcs'!C37/60 -> #REF!
B39: Assumed Dewater Flow rate gpm (max) | C39: 5000
B40: Max Pig Speed (fpm) | C40: =C39/(C29/5280) -> 73.802561
B41: Max Pig speed (miles/min) | C41: =C40/5280 -> 0.013977758

Sheet Air calcs
A1: Time (min) | B1: SCF | C1: MP | D1: SCF reqd | E1: SCF min | F1: Air test 1 | G1: Air test 2 | H1: Pig location MP | I1: Elevation | J1: Water Backpressure (max) | K1: Air pressure (min) | L1: Water Volume discharged (gal) | M1: Water backpressure (min)
A2: 0 | B2: =A2*'Gen Calcs'!C$36 -> 0 | C2: =Inputs!B3 -> 95899.92 | D2: =VLOOKUP(C2,TS!N$2:Z$177,11,TRUE) -> #REF! | E2: =VLOOKUP(C2,TS!N$2:Z$177,13,TRUE)*1000 -> #REF! | F2: 0 | G2: 0 | H2: 77.13 | I2: =VLOOKUP('Air calcs'!C2,TS!N$2:O$177,2) -> 825.1845 | J2: 0 | K2: 0 | L2: 0 | M2: =(MAX(I1:I$206)-I$205)*0.433 -> #N/A
A3: 5 | B3: =A3*'Gen Calcs'!C$36 -> 50000 | C3: =C2-'Gen Calcs'!C$41*5 -> 95899.85 | D3: =VLOOKUP(C3,TS!N$2:Z$177,11,TRUE) -> #N/A | E3: =VLOOKUP(C3,TS!N$2:Z$177,13,TRUE)*1000 -> #N/A | F3: =IF(B3>D3,1,0) -> #N/A | G3: =IF(B3>E3,1,0) -> #N/A | H3: =IF(G3>0,H2-(5*'Gen Calcs'!C$41),'Air calcs'!H2) -> #N/A | I3: =VLOOKUP('Air calcs'!C3,TS!N$2:O$177,2) -> #N/A | J3: =((MAX(I3:I$205)-Inputs!C$3)-(MAX(I3:I$205)-I3))*0.433+K3 -> #N/A | K3: =14.7*B3/((C$2-C3)*'Gen Calcs'!C$29/7.48)-14.7 -> 205.212 | L3: =(H$2-H3)*'Gen Calcs'!C$29 -> #N/A | M3: =(MAX(I3:I$205)-I$205)*0.433 -> #N/A
A4: 10 | B4: =A4*'Gen Calcs'!C$36 -> 100000 | C4: =C3-'Gen Calcs'!C$41*5 -> 95899.78 | D4: =VLOOKUP(C4,TS!N$2:Z$177,11,TRUE) -> #N/A | E4: =VLOOKUP(C4,TS!N$2:Z$177,13,TRUE)*1000 -> #N/A | F4: =IF(B4>D4,1,0) -> #N/A | G4: =IF(B4>E4,1,0) -> #N/A | H4: =IF(G4>0,H3-(5*'Gen Calcs'!C$41),'Air calcs'!H3) -> #N/A | I4: =VLOOKUP('Air calcs'!C4,TS!N$2:O$177,2) -> #N/A | J4: =((MAX(I4:I$205)-Inputs!C$3)-(MAX(I4:I$205)-I4))*0.433+K4 -> #N/A | K4: =14.7*B4/((C$2-C4)*'Gen Calcs'!C$29/7.48)-14.7 -> 205.212 | L4: =(H$2-H4)*'Gen Calcs'!C$29 -> #N/A | M4: =(MAX(I4:I$205)-I$205)*0.433 -> #N/A
A5: 15 | B5: =A5*'Gen Calcs'!C$36 -> 150000 | C5: =H4 -> #N/A | D5: =VLOOKUP(C5,TS!N$2:Z$177,11,TRUE) -> #N/A | E5: =VLOOKUP(C5,TS!N$2:Z$177,13,TRUE)*1000 -> #N/A | F5: =IF(B5>D5,1,0) -> #N/A | G5: =IF(B5>E5,1,0) -> #N/A | H5: =IF(G5>0,H4-(5*'Gen Calcs'!C$41),'Air calcs'!H4) -> #N/A | I5: =VLOOKUP('Air calcs'!C5,TS!N$2:O$177,2) -> #N/A | J5: =((MAX(I5:I$205)-Inputs!C$3)-(MAX(I5:I$205)-I5))*0.433+K5 -> #N/A | K5: =14.7*B5/((C$2-C5)*'Gen Calcs'!C$29/7.48)-14.7 -> #N/A | L5: =(H$2-H5)*'Gen Calcs'!C$29 -> #N/A | M5: =(MAX(I5:I$205)-I$205)*0.433 -> #N/A
A6: 20 | B6: =A6*'Gen Calcs'!C$36 -> 200000 | C6: =H5 -> #N/A | D6: =VLOOKUP(C6,TS!N$2:Z$177,11,TRUE) -> #N/A | E6: =VLOOKUP(C6,TS!N$2:Z$177,13,TRUE)*1000 -> #N/A | F6: =IF(B6>D6,1,0) -> #N/A | G6: =IF(B6>E6,1,0) -> #N/A | H6: =IF(G6>0,H5-(5*'Gen Calcs'!C$41),'Air calcs'!H5) -> #N/A | I6: =VLOOKUP('Air calcs'!C6,TS!N$2:O$177,2) -> #N/A | J6: =((MAX(I6:I$205)-Inputs!C$3)-(MAX(I6:I$205)-I6))*0.433+K6 -> #N/A | K6: =14.7*B6/((C$2-C6)*'Gen Calcs'!C$29/7.48)-14.7 -> #N/A | L6: =(H$2-H6)*'Gen Calcs'!C$29 -> #N/A | M6: =(MAX(I6:I$205)-I$205)*0.433 -> #N/A
A7: 25 | B7: =A7*'Gen Calcs'!C$36 -> 250000 | C7: =H6 -> #N/A | D7: =VLOOKUP(C7,TS!N$2:Z$177,11,TRUE) -> #N/A | E7: =VLOOKUP(C7,TS!N$2:Z$177,13,TRUE)*1000 -> #N/A | F7: =IF(B7>D7,1,0) -> #N/A | G7: =IF(B7>E7,1,0) -> #N/A | H7: =IF(G7>0,H6-(5*'Gen Calcs'!C$41),'Air calcs'!H6) -> #N/A | I7: =VLOOKUP('Air calcs'!C7,TS!N$2:O$177,2) -> #N/A | J7: =((MAX(I7:I$205)-Inputs!C$3)-(MAX(I7:I$205)-I7))*0.433+K7 -> #N/A | K7: =14.7*B7/((C$2-C7)*'Gen Calcs'!C$29/7.48)-14.7 -> #N/A | L7: =(H$2-H7)*'Gen Calcs'!C$29 -> #N/A | M7: =(MAX(I7:I$205)-I$205)*0.433 -> #N/A
A8: 30 | B8: =A8*'Gen Calcs'!C$36 -> 300000 | C8: =H7 -> #N/A | D8: =VLOOKUP(C8,TS!N$2:Z$177,11,TRUE) -> #N/A | E8: =VLOOKUP(C8,TS!N$2:Z$177,13,TRUE)*1000 -> #N/A | F8: =IF(B8>D8,1,0) -> #N/A | G8: =IF(B8>E8,1,0) -> #N/A | H8: =IF(G8>0,H7-(5*'Gen Calcs'!C$41),'Air calcs'!H7) -> #N/A | I8: =VLOOKUP('Air calcs'!C8,TS!N$2:O$177,2) -> #N/A | J8: =((MAX(I8:I$205)-Inputs!C$3)-(MAX(I8:I$205)-I8))*0.433+K8 -> #N/A | K8: =14.7*B8/((C$2-C8)*'Gen Calcs'!C$29/7.48)-14.7 -> #N/A | L8: =(H$2-H8)*'Gen Calcs'!C$29 -> #N/A | M8: =(MAX(I8:I$205)-I$205)*0.433 -> #N/A
A9: 35 | B9: =A9*'Gen Calcs'!C$36 -> 350000 | C9: =H8 -> #N/A | D9: =VLOOKUP(C9,TS!N$2:Z$177,11,TRUE) -> #N/A | E9: =VLOOKUP(C9,TS!N$2:Z$177,13,TRUE)*1000 -> #N/A | F9: =IF(B9>D9,1,0) -> #N/A | G9: =IF(B9>E9,1,0) -> #N/A | H9: =IF(G9>0,H8-(5*'Gen Calcs'!C$41),'Air calcs'!H8) -> #N/A | I9: =VLOOKUP('Air calcs'!C9,TS!N$2:O$177,2) -> #N/A | J9: =((MAX(I9:I$205)-Inputs!C$3)-(MAX(I9:I$205)-I9))*0.433+K9 -> #N/A | K9: =14.7*B9/((C$2-C9)*'Gen Calcs'!C$29/7.48)-14.7 -> #N/A | L9: =(H$2-H9)*'Gen Calcs'!C$29 -> #N/A | M9: =(MAX(I9:I$205)-I$205)*0.433 -> #N/A
A10: 40 | B10: =A10*'Gen Calcs'!C$36 -> 400000 | C10: =H9 -> #N/A | D10: =VLOOKUP(C10,TS!N$2:Z$177,11,TRUE) -> #N/A | E10: =VLOOKUP(C10,TS!N$2:Z$177,13,TRUE)*1000 -> #N/A | F10: =IF(B10>D10,1,0) -> #N/A | G10: =IF(B10>E10,1,0) -> #N/A | H10: =IF(G10>0,H9-(5*'Gen Calcs'!C$41),'Air calcs'!H9) -> #N/A | I10: =VLOOKUP('Air calcs'!C10,TS!N$2:O$177,2) -> #N/A | J10: =((MAX(I10:I$205)-Inputs!C$3)-(MAX(I10:I$205)-I10))*0.433+K10 -> #N/A | K10: =14.7*B10/((C$2-C10)*'Gen Calcs'!C$29/7.48)-14.7 -> #N/A | L10: =(H$2-H10)*'Gen Calcs'!C$29 -> #N/A | M10: =(MAX(I10:I$205)-I$205)*0.433 -> #N/A
A11: 45 | B11: =A11*'Gen Calcs'!C$36 -> 450000 | C11: =H10 -> #N/A | D11: =VLOOKUP(C11,TS!N$2:Z$177,11,TRUE) -> #N/A | E11: =VLOOKUP(C11,TS!N$2:Z$177,13,TRUE)*1000 -> #N/A | F11: =IF(B11>D11,1,0) -> #N/A | G11: =IF(B11>E11,1,0) -> #N/A | H11: =IF(G11>0,H10-(5*'Gen Calcs'!C$41),'Air calcs'!H10) -> #N/A | I11: =VLOOKUP('Air calcs'!C11,TS!N$2:O$177,2) -> #N/A | J11: =((MAX(I11:I$205)-Inputs!C$3)-(MAX(I11:I$205)-I11))*0.433+K11 -> #N/A | K11: =14.7*B11/((C$2-C11)*'Gen Calcs'!C$29/7.48)-14.7 -> #N/A | L11: =(H$2-H11)*'Gen Calcs'!C$29 -> #N/A | M11: =(MAX(I11:I$205)-I$205)*0.433 -> #N/A
A12: 50 | B12: =A12*'Gen Calcs'!C$36 -> 500000 | C12: =H11 -> #N/A | D12: =VLOOKUP(C12,TS!N$2:Z$177,11,TRUE) -> #N/A | E12: =VLOOKUP(C12,TS!N$2:Z$177,13,TRUE)*1000 -> #N/A | F12: =IF(B12>D12,1,0) -> #N/A | G12: =IF(B12>E12,1,0) -> #N/A | H12: =IF(G12>0,H11-(5*'Gen Calcs'!C$41),'Air calcs'!H11) -> #N/A | I12: =VLOOKUP('Air calcs'!C12,TS!N$2:O$177,2) -> #N/A | J12: =((MAX(I12:I$205)-Inputs!C$3)-(MAX(I12:I$205)-I12))*0.433+K12 -> #N/A | K12: =14.7*B12/((C$2-C12)*'Gen Calcs'!C$29/7.48)-14.7 -> #N/A | L12: =(H$2-H12)*'Gen Calcs'!C$29 -> #N/A | M12: =(MAX(I12:I$205)-I$205)*0.433 -> #N/A
A13: 55 | B13: =A13*'Gen Calcs'!C$36 -> 550000 | C13: =H12 -> #N/A | D13: =VLOOKUP(C13,TS!N$2:Z$177,11,TRUE) -> #N/A | E13: =VLOOKUP(C13,TS!N$2:Z$177,13,TRUE)*1000 -> #N/A | F13: =IF(B13>D13,1,0) -> #N/A | G13: =IF(B13>E13,1,0) -> #N/A | H13: =IF(G13>0,H12-(5*'Gen Calcs'!C$41),'Air calcs'!H12) -> #N/A | I13: =VLOOKUP('Air calcs'!C13,TS!N$2:O$177,2) -> #N/A | J13: =((MAX(I13:I$205)-Inputs!C$3)-(MAX(I13:I$205)-I13))*0.433+K13 -> #N/A | K13: =14.7*B13/((C$2-C13)*'Gen Calcs'!C$29/7.48)-14.7 -> #N/A | L13: =(H$2-H13)*'Gen Calcs'!C$29 -> #N/A | M13: =(MAX(I13:I$205)-I$205)*0.433 -> #N/A
A14: 60 | B14: =A14*'Gen Calcs'!C$36 -> 600000 | C14: =H13 -> #N/A | D14: =VLOOKUP(C14,TS!N$2:Z$177,11,TRUE) -> #N/A | E14: =VLOOKUP(C14,TS!N$2:Z$177,13,TRUE)*1000 -> #N/A | F14: =IF(B14>D14,1,0) -> #N/A | G14: =IF(B14>E14,1,0) -> #N/A | H14: =IF(G14>0,H13-(5*'Gen Calcs'!C$41),'Air calcs'!H13) -> #N/A | I14: =VLOOKUP('Air calcs'!C14,TS!N$2:O$177,2) -> #N/A | J14: =((MAX(I14:I$205)-Inputs!C$3)-(MAX(I14:I$205)-I14))*0.433+K14 -> #N/A | K14: =14.7*B14/((C$2-C14)*'Gen Calcs'!C$29/7.48)-14.7 -> #N/A | L14: =(H$2-H14)*'Gen Calcs'!C$29 -> #N/A | M14: =(MAX(I14:I$205)-I$205)*0.433 -> #N/A
A15: 65 | B15: =A15*'Gen Calcs'!C$36 -> 650000 | C15: =H14 -> #N/A | D15: =VLOOKUP(C15,TS!N$2:Z$177,11,TRUE) -> #N/A | E15: =VLOOKUP(C15,TS!N$2:Z$177,13,TRUE)*1000 -> #N/A | F15: =IF(B15>D15,1,0) -> #N/A | G15: =IF(B15>E15,1,0) -> #N/A | H15: =IF(G15>0,H14-(5*'Gen Calcs'!C$41),'Air calcs'!H14) -> #N/A | I15: =VLOOKUP('Air calcs'!C15,TS!N$2:O$177,2) -> #N/A | J15: =((MAX(I15:I$205)-Inputs!C$3)-(MAX(I15:I$205)-I15))*0.433+K15 -> #N/A | K15: =14.7*B15/((C$2-C15)*'Gen Calcs'!C$29/7.48)-14.7 -> #N/A | L15: =(H$2-H15)*'Gen Calcs'!C$29 -> #N/A | M15: =(MAX(I15:I$205)-I$205)*0.433 -> #N/A
A16: 70 | B16: =A16*'Gen Calcs'!C$36 -> 700000 | C16: =H15 -> #N/A | D16: =VLOOKUP(C16,TS!N$2:Z$177,11,TRUE) -> #N/A | E16: =VLOOKUP(C16,TS!N$2:Z$177,13,TRUE)*1000 -> #N/A | F16: =IF(B16>D16,1,0) -> #N/A | G16: =IF(B16>E16,1,0) -> #N/A | H16: =IF(G16>0,H15-(5*'Gen Calcs'!C$41),'Air calcs'!H15) -> #N/A | I16: =VLOOKUP('Air calcs'!C16,TS!N$2:O$177,2) -> #N/A | J16: =((MAX(I16:I$205)-Inputs!C$3)-(MAX(I16:I$205)-I16))*0.433+K16 -> #N/A | K16: =14.7*B16/((C$2-C16)*'Gen Calcs'!C$29/7.48)-14.7 -> #N/A | L16: =(H$2-H16)*'Gen Calcs'!C$29 -> #N/A | M16: =(MAX(I16:I$205)-I$205)*0.433 -> #N/A
... A205: 1015 | B205: =A205*'Gen Calcs'!C$36 -> 10150000 | C205: =H204 -> #N/A | D205: =VLOOKUP(C205,TS!N$2:Z$177,11,TRUE) -> #N/A | E205: =VLOOKUP(C205,TS!N$2:Z$177,13,TRUE)*1000 -> #N/A | F205: =IF(B205>D205,1,0) -> #N/A | G205: =IF(B205>E205,1,0) -> #N/A | H205: =IF(G205>0,H204-(5*'Gen Calcs'!C$41),'Air calcs'!H204) -> #N/A | I205: =VLOOKUP('Air calcs'!C205,TS!N$2:O$177,2) -> #N/A | J205: =((MAX(I205:I$205)-Inputs!C$3)-(MAX(I205:I$205)-I205))*0.433+K205 -> #N/A | K205: =14.7*B205/((C$2-C205)*'Gen Calcs'!C$29/7.48)-14.7 -> #N/A | L205: =(H$2-H205)*'Gen Calcs'!C$29 -> #N/A | M205: =(MAX(I205:I$205)-I$205)*0.433 -> #N/A
A206: 1020 | B206: =A206*'Gen Calcs'!C$36 -> 10200000 | C206: =H205 -> #N/A | D206: =VLOOKUP(C206,TS!N$2:Z$177,11,TRUE) -> #N/A | E206: =VLOOKUP(C206,TS!N$2:Z$177,13,TRUE)*1000 -> #N/A | F206: =IF(B206>D206,1,0) -> #N/A | G206: =IF(B206>E206,1,0) -> #N/A | H206: =IF(G206>0,H205-(5*'Gen Calcs'!C$41),'Air calcs'!H205) -> #N/A | I206: =VLOOKUP('Air calcs'!C206,TS!N$2:O$177,2) -> #N/A
A207: 1025 | B207: =A207*'Gen Calcs'!C$36 -> 10250000 | C207: =H206 -> #N/A | D207: =VLOOKUP(C207,TS!N$2:Z$177,11,TRUE) -> #N/A | E207: =VLOOKUP(C207,TS!N$2:Z$177,13,TRUE)*1000 -> #N/A | F207: =IF(B207>D207,1,0) -> #N/A | G207: =IF(B207>E207,1,0) -> #N/A | H207: =IF(G207>0,H206-(5*'Gen Calcs'!C$41),'Air calcs'!H206) -> #N/A | I207: =VLOOKUP('Air calcs'!C207,TS!N$2:O$177,2) -> #N/A
A208: 1030 | B208: =A208*'Gen Calcs'!C$36 -> 10300000 | C208: =H207 -> #N/A | D208: =VLOOKUP(C208,TS!N$2:Z$177,11,TRUE) -> #N/A | E208: =VLOOKUP(C208,TS!N$2:Z$177,13,TRUE)*1000 -> #N/A | F208: =IF(B208>D208,1,0) -> #N/A | G208: =IF(B208>E208,1,0) -> #N/A | H208: =IF(G208>0,H207-(5*'Gen Calcs'!C$41),'Air calcs'!H207) -> #N/A | I208: =VLOOKUP('Air calcs'!C208,TS!N$2:O$177,2) -> #N/A
A209: 1035 | B209: =A209*'Gen Calcs'!C$36 -> 10350000 | C209: =H208 -> #N/A | D209: =VLOOKUP(C209,TS!N$2:Z$177,11,TRUE) -> #N/A | E209: =VLOOKUP(C209,TS!N$2:Z$177,13,TRUE)*1000 -> #N/A | F209: =IF(B209>D209,1,0) -> #N/A | G209: =IF(B209>E209,1,0) -> #N/A | H209: =IF(G209>0,H208-(5*'Gen Calcs'!C$41),'Air calcs'!H208) -> #N/A | I209: =VLOOKUP('Air calcs'!C209,TS!N$2:O$177,2) -> #N/A
A210: 1040 | B210: =A210*'Gen Calcs'!C$36 -> 10400000 | C210: =H209 -> #N/A | D210: =VLOOKUP(C210,TS!N$2:Z$177,11,TRUE) -> #N/A | E210: =VLOOKUP(C210,TS!N$2:Z$177,13,TRUE)*1000 -> #N/A | F210: =IF(B210>D210,1,0) -> #N/A | G210: =IF(B210>E210,1,0) -> #N/A | H210: =IF(G210>0,H209-(5*'Gen Calcs'!C$41),'Air calcs'!H209) -> #N/A | I210: =VLOOKUP('Air calcs'!C210,TS!N$2:O$177,2) -> #N/A
A211: 1045 | B211: =A211*'Gen Calcs'!C$36 -> 10450000 | C211: =H210 -> #N/A | D211: =VLOOKUP(C211,TS!N$2:Z$177,11,TRUE) -> #N/A | E211: =VLOOKUP(C211,TS!N$2:Z$177,13,TRUE)*1000 -> #N/A | F211: =IF(B211>D211,1,0) -> #N/A | G211: =IF(B211>E211,1,0) -> #N/A | H211: =IF(G211>0,H210-(5*'Gen Calcs'!C$41),'Air calcs'!H210) -> #N/A | I211: =VLOOKUP('Air calcs'!C211,TS!N$2:O$177,2) -> #N/A
A212: 1050 | B212: =A212*'Gen Calcs'!C$36 -> 10500000 | C212: =H211 -> #N/A | D212: =VLOOKUP(C212,TS!N$2:Z$177,11,TRUE) -> #N/A | E212: =VLOOKUP(C212,TS!N$2:Z$177,13,TRUE)*1000 -> #N/A | F212: =IF(B212>D212,1,0) -> #N/A | G212: =IF(B212>E212,1,0) -> #N/A | H212: =IF(G212>0,H211-(5*'Gen Calcs'!C$41),'Air calcs'!H211) -> #N/A | I212: =VLOOKUP('Air calcs'!C212,TS!N$2:O$177,2) -> #N/A
A213: 1055 | B213: =A213*'Gen Calcs'!C$36 -> 10550000 | C213: =H212 -> #N/A | D213: =VLOOKUP(C213,TS!N$2:Z$177,11,TRUE) -> #N/A | E213: =VLOOKUP(C213,TS!N$2:Z$177,13,TRUE)*1000 -> #N/A | F213: =IF(B213>D213,1,0) -> #N/A | G213: =IF(B213>E213,1,0) -> #N/A | H213: =IF(G213>0,H212-(5*'Gen Calcs'!C$41),'Air calcs'!H212) -> #N/A | I213: =VLOOKUP('Air calcs'!C213,TS!N$2:O$177,2) -> #N/A
A214: 1060 | B214: =A214*'Gen Calcs'!C$36 -> 10600000 | C214: =H213 -> #N/A | D214: =VLOOKUP(C214,TS!N$2:Z$177,11,TRUE) -> #N/A | E214: =VLOOKUP(C214,TS!N$2:Z$177,13,TRUE)*1000 -> #N/A | F214: =IF(B214>D214,1,0) -> #N/A | G214: =IF(B214>E214,1,0) -> #N/A | H214: =IF(G214>0,H213-(5*'Gen Calcs'!C$41),'Air calcs'!H213) -> #N/A | I214: =VLOOKUP('Air calcs'!C214,TS!N$2:O$177,2) -> #N/A
A215: 1065 | B215: =A215*'Gen Calcs'!C$36 -> 10650000 | C215: =H214 -> #N/A | D215: =VLOOKUP(C215,TS!N$2:Z$177,11,TRUE) -> #N/A | E215: =VLOOKUP(C215,TS!N$2:Z$177,13,TRUE)*1000 -> #N/A | F215: =IF(B215>D215,1,0) -> #N/A | G215: =IF(B215>E215,1,0) -> #N/A | H215: =IF(G215>0,H214-(5*'Gen Calcs'!C$41),'Air calcs'!H214) -> #N/A | I215: =VLOOKUP('Air calcs'!C215,TS!N$2:O$177,2) -> #N/A
A216: 1070 | B216: =A216*'Gen Calcs'!C$36 -> 10700000 | C216: =H215 -> #N/A | D216: =VLOOKUP(C216,TS!N$2:Z$177,11,TRUE) -> #N/A | E216: =VLOOKUP(C216,TS!N$2:Z$177,13,TRUE)*1000 -> #N/A | F216: =IF(B216>D216,1,0) -> #N/A | G216: =IF(B216>E216,1,0) -> #N/A | H216: =IF(G216>0,H215-(5*'Gen Calcs'!C$41),'Air calcs'!H215) -> #N/A | I216: =VLOOKUP('Air calcs'!C216,TS!N$2:O$177,2) -> #N/A
A217: 1075 | B217: =A217*'Gen Calcs'!C$36 -> 10750000 | C217: =H216 -> #N/A | D217: =VLOOKUP(C217,TS!N$2:Z$177,11,TRUE) -> #N/A | E217: =VLOOKUP(C217,TS!N$2:Z$177,13,TRUE)*1000 -> #N/A | F217: =IF(B217>D217,1,0) -> #N/A | G217: =IF(B217>E217,1,0) -> #N/A | H217: =IF(G217>0,H216-(5*'Gen Calcs'!C$41),'Air calcs'!H216) -> #N/A | I217: =VLOOKUP('Air calcs'!C217,TS!N$2:O$177,2) -> #N/A
... A377: 1875 | B377: =A377*'Gen Calcs'!C$36 -> 18750000 | C377: =H376 -> #N/A | D377: =VLOOKUP(C377,TS!N$2:Z$177,11,TRUE) -> #N/A | E377: =VLOOKUP(C377,TS!N$2:Z$177,13,TRUE)*1000 -> #N/A | F377: =IF(B377>D377,1,0) -> #N/A | G377: =IF(B377>E377,1,0) -> #N/A | H377: =IF(G377>0,H376-(5*'Gen Calcs'!C$41),'Air calcs'!H376) -> #N/A | I377: =VLOOKUP('Air calcs'!C377,TS!N$2:O$177,2) -> #N/A

Sheet 1&2 Instructions
A1: Section | B1: Pig MP | C1: Water volume (gal) | D1: Minimum Fill Pressure | E1: Applied Backpressure (min) | F1: Backfill SCF air (max-SCF) | G1: Dewater air pressure (psi) | H1: Dewater air volume (SCF) | I1: Water volume discharged (gal) | J1: Fill Rate (GPM) | K1: Dewater Rate (SCF) | L1: Dewater Rate (GPM) | M1: Fill Time (Hrs) | N1: Dewater Time (Hrs) | O1: Execution Steps | P1: Dewater steps
A2: 1 & 2 Line Fill | B2: 65.4 | C2: 4202599 | D2: =VLOOKUP(B2,TS!N$2:AD$177,26,TRUE) -> #N/A | E2: =VLOOKUP(B2,TS!N$2:AD$177,25,TRUE) -> #N/A | F2: =MAX(TS!#REF!) -> #REF! | G2: =MAX(TS!#REF!) -> #REF! | H2: =MAX(TS!#REF!) -> #REF! | J2: 4000 | O2: 1 - Apply 173 psi air backpressure to Test Section 1 & 2
B3: 65.4 | C3: 4202599 | D3: =VLOOKUP(B3,TS!N$2:AD$177,26,TRUE) -> #N/A | E3: =VLOOKUP(B3,TS!N$2:AD$177,25,TRUE) -> #N/A | F3: =MAX(TS!#REF!) -> #REF! | G3: =MAX(TS!#REF!) -> #REF! | H3: =MAX(TS!#REF!) -> #REF! | J3: 4000 | O3: 2 - Fill from MP 65.40 - Allow backpressure to increase to 343 psi
B4: 66 | C4: =(B4-B$3)*'Gen Calcs'!C$29 -> 214626.7 | D4: =VLOOKUP(B4,TS!N$2:AD$177,26,TRUE) -> #N/A | E4: =VLOOKUP(B4,TS!N$2:AD$177,25,TRUE) -> #N/A
B5: 67 | C5: =(B5-B$3)*'Gen Calcs'!C$29 -> 572337.86 | D5: =VLOOKUP(B5,TS!N$2:AD$177,26,TRUE) -> #N/A | E5: =VLOOKUP(B5,TS!N$2:AD$177,25,TRUE) -> #N/A
B6: 68 | C6: =(B6-B$3)*'Gen Calcs'!C$29 -> 930049.03 | D6: =VLOOKUP(B6,TS!N$2:AD$177,26,TRUE) -> #N/A | E6: =VLOOKUP(B6,TS!N$2:AD$177,25,TRUE) -> #N/A
B7: 69 | C7: =(B7-B$3)*'Gen Calcs'!C$29 -> 1287760.2 | D7: =VLOOKUP(B7,TS!N$2:AD$177,26,TRUE) -> #N/A | E7: =VLOOKUP(B7,TS!N$2:AD$177,25,TRUE) -> #N/A
B8: 70 | C8: =(B8-B$3)*'Gen Calcs'!C$29 -> 1645471.4 | D8: =VLOOKUP(B8,TS!N$2:AD$177,26,TRUE) -> #N/A | E8: =VLOOKUP(B8,TS!N$2:AD$177,25,TRUE) -> #N/A
B9: 71 | C9: =(B9-B$3)*'Gen Calcs'!C$29 -> 2003182.5 | D9: =VLOOKUP(B9,TS!N$2:AD$177,26,TRUE) -> #N/A | E9: =VLOOKUP(B9,TS!N$2:AD$177,25,TRUE) -> #N/A
B10: 71.25 | C10: =(B10-B$3)*'Gen Calcs'!C$29 -> 2092610.3 | D10: =VLOOKUP(B10,TS!N$2:AD$177,26,TRUE) -> #N/A | E10: =VLOOKUP(B10,TS!N$2:AD$177,25,TRUE) -> #N/A | O10: 3 - Bleed to Maintain air backpressure at 343 psi (min)
B11: 72 | C11: =(B11-B$3)*'Gen Calcs'!C$29 -> 2360893.7 | D11: =VLOOKUP(B11,TS!N$2:AD$177,26,TRUE) -> #N/A | E11: =VLOOKUP(B11,TS!N$2:AD$177,25,TRUE) -> #N/A
B12: 73 | C12: =(B12-B$3)*'Gen Calcs'!C$29 -> 2718604.9 | D12: =VLOOKUP(B12,TS!N$2:AD$177,26,TRUE) -> #N/A | E12: =VLOOKUP(B12,TS!N$2:AD$177,25,TRUE) -> #N/A
B13: 74 | C13: =(B13-B$3)*'Gen Calcs'!C$29 -> 3076316 | D13: =VLOOKUP(B13,TS!N$2:AD$177,26,TRUE) -> #N/A | E13: =VLOOKUP(B13,TS!N$2:AD$177,25,TRUE) -> #N/A
B14: 74.5 | C14: =(B14-B$3)*'Gen Calcs'!C$29 -> 3255171.6 | D14: =VLOOKUP(B14,TS!N$2:AD$177,26,TRUE) -> #N/A | E14: =VLOOKUP(B14,TS!N$2:AD$177,25,TRUE) -> #N/A
B15: 75 | C15: =(B15-B$3)*'Gen Calcs'!C$29 -> 3434027.2 | D15: =VLOOKUP(B15,TS!N$2:AD$177,26,TRUE) -> #N/A | E15: =VLOOKUP(B15,TS!N$2:AD$177,25,TRUE) -> #N/A
B16: 75.24 | C16: =(B16-B$3)*'Gen Calcs'!C$29 -> 3519877.9 | D16: =VLOOKUP(B16,TS!N$2:AD$177,26,TRUE) -> #N/A | E16: =VLOOKUP(B16,TS!N$2:AD$177,25,TRUE) -> #N/A | O16: 4 - Bleed to Maintain air backpressure 273 psi (min)
B17: 76.2 | C17: =(B17-B$3)*'Gen Calcs'!C$29 -> 3863280.6 | D17: =VLOOKUP(B17,TS!N$2:AD$177,26,TRUE) -> #N/A | E17: =VLOOKUP(B17,TS!N$2:AD$177,25,TRUE) -> #N/A
B18: 76.95 | C18: =(B18-B$3)*'Gen Calcs'!C$29 -> 4131564 | D18: =VLOOKUP(B18,TS!N$2:AD$177,26,TRUE) -> #N/A | E18: =VLOOKUP(B18,TS!N$2:AD$177,25,TRUE) -> #N/A | O18: 5 - Bleed to Maintain max air backpressure at 86 psi
B19: 77.14 | C19: =(B19-B$3)*'Gen Calcs'!C$29 -> 4199529.1 | D19: =VLOOKUP(B19,TS!N$2:AD$177,26,TRUE) -> #N/A | E19: =VLOOKUP(B19,TS!N$2:AD$177,25,TRUE) -> #N/A | O19: 6 - Bleed to Maintain max air backpressure at 86 psi to receive fill pig
A21: 1 & 2 Dewater | B21: 77.13 | C21: =VLOOKUP(B21,#REF!,10,TRUE) -> #REF! | G21: =VLOOKUP(B21,#REF!,9,TRUE) -> #REF! | I21: =VLOOKUP(B21,#REF!,11,TRUE) -> #REF! | L21: ='Gen Calcs'!C$39 -> 5000 | O21: 1 - Begin dewater & Maintain dewater backpressure at 305 psi min
B22: 77 | C22: =VLOOKUP(B22,#REF!,10,TRUE) -> #REF! | G22: =VLOOKUP(B22,#REF!,9,TRUE) -> #REF! | I22: =VLOOKUP(B22,#REF!,11,TRUE) -> #REF! | L22: ='Gen Calcs'!C$39 -> 5000
B23: 76 | C23: =VLOOKUP(B23,#REF!,10,TRUE) -> #REF! | G23: =VLOOKUP(B23,#REF!,9,TRUE) -> #REF! | I23: =VLOOKUP(B23,#REF!,11,TRUE) -> #REF! | L23: ='Gen Calcs'!C$39 -> 5000
B24: 75 | C24: =VLOOKUP(B24,#REF!,10,TRUE) -> #REF! | G24: =VLOOKUP(B24,#REF!,9,TRUE) -> #REF! | I24: =VLOOKUP(B24,#REF!,11,TRUE) -> #REF! | L24: ='Gen Calcs'!C$39 -> 5000
B25: 74 | C25: =VLOOKUP(B25,#REF!,10,TRUE) -> #REF! | G25: =VLOOKUP(B25,#REF!,9,TRUE) -> #REF! | I25: =VLOOKUP(B25,#REF!,11,TRUE) -> #REF! | L25: ='Gen Calcs'!C$39 -> 5000
B26: 73 | C26: =VLOOKUP(B26,#REF!,10,TRUE) -> #REF! | G26: =VLOOKUP(B26,#REF!,9,TRUE) -> #REF! | I26: =VLOOKUP(B26,#REF!,11,TRUE) -> #REF! | L26: ='Gen Calcs'!C$39 -> 5000
B27: 72 | C27: =VLOOKUP(B27,#REF!,10,TRUE) -> #REF! | G27: =VLOOKUP(B27,#REF!,9,TRUE) -> #REF! | I27: =VLOOKUP(B27,#REF!,11,TRUE) -> #REF! | L27: ='Gen Calcs'!C$39 -> 5000
B28: 71 | C28: =VLOOKUP(B28,#REF!,10,TRUE) -> #REF! | G28: =VLOOKUP(B28,#REF!,9,TRUE) -> #REF! | I28: =VLOOKUP(B28,#REF!,11,TRUE) -> #REF! | L28: ='Gen Calcs'!C$39 -> 5000
B29: 70.61 | C29: =VLOOKUP(B29,#REF!,10,TRUE) -> #REF! | G29: =VLOOKUP(B29,#REF!,9,TRUE) -> #REF! | I29: =VLOOKUP(B29,#REF!,11,TRUE) -> #REF! | L29: ='Gen Calcs'!C$39 -> 5000 | O29: 2 - Decrease dewater backpressure to 286 psi (min)
B30: 70.4 | C30: =VLOOKUP(B30,#REF!,10,TRUE) -> #REF! | G30: =VLOOKUP(B30,#REF!,9,TRUE) -> #REF! | I30: =VLOOKUP(B30,#REF!,11,TRUE) -> #REF! | L30: ='Gen Calcs'!C$39 -> 5000 | O30: 3 - Decrease dewater backpressure to 264 psi (min)
B31: 70.33 | C31: =VLOOKUP(B31,#REF!,10,TRUE) -> #REF! | G31: =VLOOKUP(B31,#REF!,9,TRUE) -> #REF! | I31: =VLOOKUP(B31,#REF!,11,TRUE) -> #REF! | L31: ='Gen Calcs'!C$39 -> 5000 | O31: 4 - Decrease dewater backpressure to 231 psi (min)
B32: 70.25 | C32: =VLOOKUP(B32,#REF!,10,TRUE) -> #REF! | G32: =VLOOKUP(B32,#REF!,9,TRUE) -> #REF! | I32: =VLOOKUP(B32,#REF!,11,TRUE) -> #REF! | L32: ='Gen Calcs'!C$39 -> 5000 | O32: 5 - Decrease dewater backpressure to 189 psi (min)
B33: 70.18 | C33: =VLOOKUP(B33,#REF!,10,TRUE) -> #REF! | G33: =VLOOKUP(B33,#REF!,9,TRUE) -> #REF! | I33: =VLOOKUP(B33,#REF!,11,TRUE) -> #REF! | L33: ='Gen Calcs'!C$39 -> 5000 | O33: 6 - Decrease dewater backpressure to 179 psi (min)
B34: 70 | C34: =VLOOKUP(B34,#REF!,10,TRUE) -> #REF! | G34: =VLOOKUP(B34,#REF!,9,TRUE) -> #REF! | I34: =VLOOKUP(B34,#REF!,11,TRUE) -> #REF! | L34: ='Gen Calcs'!C$39 -> 5000
B35: 69.34 | C35: =VLOOKUP(B35,#REF!,10,TRUE) -> #REF! | G35: =VLOOKUP(B35,#REF!,9,TRUE) -> #REF! | I35: =VLOOKUP(B35,#REF!,11,TRUE) -> #REF! | L35: ='Gen Calcs'!C$39 -> 5000 | O35: 7 - Decrease dewater backpressure to 176 psi (min)
B36: 69 | C36: =VLOOKUP(B36,#REF!,10,TRUE) -> #REF! | G36: =VLOOKUP(B36,#REF!,9,TRUE) -> #REF! | I36: =VLOOKUP(B36,#REF!,11,TRUE) -> #REF! | L36: ='Gen Calcs'!C$39 -> 5000
B37: 68.64 | C37: =VLOOKUP(B37,#REF!,10,TRUE) -> #REF! | G37: =VLOOKUP(B37,#REF!,9,TRUE) -> #REF! | I37: =VLOOKUP(B37,#REF!,11,TRUE) -> #REF! | L37: ='Gen Calcs'!C$39 -> 5000 | O37: 8 - Stop air input for dewater
B38: 68 | C38: =VLOOKUP(B38,#REF!,10,TRUE) -> #REF! | G38: =VLOOKUP(B38,#REF!,9,TRUE) -> #REF! | I38: =VLOOKUP(B38,#REF!,11,TRUE) -> #REF! | L38: ='Gen Calcs'!C$39 -> 5000
B39: 67.59 | C39: =VLOOKUP(B39,#REF!,10,TRUE) -> #REF! | G39: =VLOOKUP(B39,#REF!,9,TRUE) -> #REF! | I39: =VLOOKUP(B39,#REF!,11,TRUE) -> #REF! | L39: ='Gen Calcs'!C$39 -> 5000 | O39: 9 - Decrease dewater backpressure to 172 psi (min)
B40: 67 | C40: =VLOOKUP(B40,#REF!,10,TRUE) -> #REF! | G40: =VLOOKUP(B40,#REF!,9,TRUE) -> #REF! | I40: =VLOOKUP(B40,#REF!,11,TRUE) -> #REF! | L40: ='Gen Calcs'!C$39 -> 5000
B41: 66.61 | C41: =VLOOKUP(B41,#REF!,10,TRUE) -> #REF! | G41: =VLOOKUP(B41,#REF!,9,TRUE) -> #REF! | I41: =VLOOKUP(B41,#REF!,11,TRUE) -> #REF! | L41: ='Gen Calcs'!C$39 -> 5000 | O41: 10 - Decrease dewater backpressure to 162 psi (min)
B42: 66.33 | C42: =VLOOKUP(B42,#REF!,10,TRUE) -> #REF! | G42: =VLOOKUP(B42,#REF!,9,TRUE) -> #REF! | I42: =VLOOKUP(B42,#REF!,11,TRUE) -> #REF! | L42: ='Gen Calcs'!C$39 -> 5000 | O42: 11 - Decrease dewater backpressure to 148 psi (min)
B43: 66 | C43: =VLOOKUP(B43,#REF!,10,TRUE) -> #REF! | G43: =VLOOKUP(B43,#REF!,9,TRUE) -> #REF! | I43: =VLOOKUP(B43,#REF!,11,TRUE) -> #REF! | L43: ='Gen Calcs'!C$39 -> 5000 | O43: 12 - Decrease dewater pressure to receive dewater pig
B44: 65.77 | C44: =VLOOKUP(B44,#REF!,10,TRUE) -> #REF! | G44: =VLOOKUP(B44,#REF!,9,TRUE) -> #REF! | I44: =VLOOKUP(B44,#REF!,11,TRUE) -> #REF! | L44: ='Gen Calcs'!C$39 -> 5000
B45: 65.4 | C45: =C3 -> 4202599 | L45: ='Gen Calcs'!C$39 -> 5000
