Workbook

Sheet Survey
A1: State | B1: County | C1: Construction Spread | D1: Milepost | E1: Slope Station (3D) | F1: Horizontal Station (2D) | G1: Elevation | H1: Pipe Wall Thickness | I1: Selected Pipe Coating | J1: Length of Pipe | K1: Selected Material Type | L1: Class Location | M1: Section | N1: Pipe Wall Actual | O1: Max. Pressure | P1: Min. Pressure | Q1: Elevation Diff from High | R1: Test Pressure
A2: VA | B2: Montgomery | C2: H | D2: 227.17893 | E2: 1226889 | F2: 1200495.2 | G2: 1581.2958 | H2: 2 | I2: FBE | J2: 40 | K2: 2 | L2: 1 | M2: =_xlfn.XLOOKUP(Survey!$F2,sections[Start],sections[Test Section],,-1,1) -> 1 | N2: =_xlfn.XLOOKUP(Survey!$K2,pipedata[ID],pipedata[WT]) -> 0.74 | O2: =_xlfn.XLOOKUP(Survey!$K2,pipedata[ID],pipedata[104%]) -> 2565.3333 | P2: =IF(L2=1,1850,IF(L2=2,1850,2220)) -> 1850 | Q2: =_xlfn.MAXIFS(Survey!$G$2:$G$3647,Survey!$M$2:$M$3647,Survey!$M2)-Survey!$G2 -> 772.85429 | R2: =Survey!$P2+(Survey!$Q2*0.433) -> 2184.6459
A3: VA | B3: Montgomery | C3: H | D3: 227.18657 | E3: 1226929 | F3: 1200534.2 | G3: 1581.3657 | H3: 2 | I3: FBE | J3: 40 | K3: 2 | L3: 1 | M3: =_xlfn.XLOOKUP(Survey!$F3,sections[Start],sections[Test Section],,-1,1) -> 1 | N3: =_xlfn.XLOOKUP(Survey!$K3,pipedata[ID],pipedata[WT]) -> 0.74 | O3: =_xlfn.XLOOKUP(Survey!$K3,pipedata[ID],pipedata[104%]) -> 2565.3333 | P3: =IF(L3=1,1850,IF(L3=2,1850,2220)) -> 1850 | Q3: =_xlfn.MAXIFS(Survey!$G$2:$G$3647,Survey!$M$2:$M$3647,Survey!$M3)-Survey!$G3 -> 772.78441 | R3: =Survey!$P3+(Survey!$Q3*0.433) -> 2184.6156
A4: VA | B4: Montgomery | C4: H | D4: 227.19391 | E4: 1226969 | F4: 1200573.1 | G4: 1581.1381 | H4: 2 | I4: FBE | J4: 40 | K4: 2 | L4: 1 | M4: =_xlfn.XLOOKUP(Survey!$F4,sections[Start],sections[Test Section],,-1,1) -> 1 | N4: =_xlfn.XLOOKUP(Survey!$K4,pipedata[ID],pipedata[WT]) -> 0.74 | O4: =_xlfn.XLOOKUP(Survey!$K4,pipedata[ID],pipedata[104%]) -> 2565.3333 | P4: =IF(L4=1,1850,IF(L4=2,1850,2220)) -> 1850 | Q4: =_xlfn.MAXIFS(Survey!$G$2:$G$3647,Survey!$M$2:$M$3647,Survey!$M4)-Survey!$G4 -> 773.01196 | R4: =Survey!$P4+(Survey!$Q4*0.433) -> 2184.7142
A5: VA | B5: Montgomery | C5: H | D5: 227.2012 | E5: 1227009 | F5: 1200612.1 | G5: 1581.1161 | H5: 2 | I5: FBE | J5: 40 | K5: 2 | L5: 1 | M5: =_xlfn.XLOOKUP(Survey!$F5,sections[Start],sections[Test Section],,-1,1) -> 1 | N5: =_xlfn.XLOOKUP(Survey!$K5,pipedata[ID],pipedata[WT]) -> 0.74 | O5: =_xlfn.XLOOKUP(Survey!$K5,pipedata[ID],pipedata[104%]) -> 2565.3333 | P5: =IF(L5=1,1850,IF(L5=2,1850,2220)) -> 1850 | Q5: =_xlfn.MAXIFS(Survey!$G$2:$G$3647,Survey!$M$2:$M$3647,Survey!$M5)-Survey!$G5 -> 773.03395 | R5: =Survey!$P5+(Survey!$Q5*0.433) -> 2184.7237
A6: VA | B6: Montgomery | C6: H | D6: 227.20888 | E6: 1227049 | F6: 1200651.1 | G6: 1581.5028 | H6: 2 | I6: FBE | J6: 40 | K6: 2 | L6: 1 | M6: =_xlfn.XLOOKUP(Survey!$F6,sections[Start],sections[Test Section],,-1,1) -> 1 | N6: =_xlfn.XLOOKUP(Survey!$K6,pipedata[ID],pipedata[WT]) -> 0.74 | O6: =_xlfn.XLOOKUP(Survey!$K6,pipedata[ID],pipedata[104%]) -> 2565.3333 | P6: =IF(L6=1,1850,IF(L6=2,1850,2220)) -> 1850 | Q6: =_xlfn.MAXIFS(Survey!$G$2:$G$3647,Survey!$M$2:$M$3647,Survey!$M6)-Survey!$G6 -> 772.64725 | R6: =Survey!$P6+(Survey!$Q6*0.433) -> 2184.5563
A7: VA | B7: Montgomery | C7: H | D7: 227.21663 | E7: 1227089 | F7: 1200690.1 | G7: 1581.9433 | H7: 2 | I7: FBE | J7: 40 | K7: 2 | L7: 1 | M7: =_xlfn.XLOOKUP(Survey!$F7,sections[Start],sections[Test Section],,-1,1) -> 1 | N7: =_xlfn.XLOOKUP(Survey!$K7,pipedata[ID],pipedata[WT]) -> 0.74 | O7: =_xlfn.XLOOKUP(Survey!$K7,pipedata[ID],pipedata[104%]) -> 2565.3333 | P7: =IF(L7=1,1850,IF(L7=2,1850,2220)) -> 1850 | Q7: =_xlfn.MAXIFS(Survey!$G$2:$G$3647,Survey!$M$2:$M$3647,Survey!$M7)-Survey!$G7 -> 772.20683 | R7: =Survey!$P7+(Survey!$Q7*0.433) -> 2184.3656
A8: VA | B8: Montgomery | C8: H | D8: 227.22415 | E8: 1227129 | F8: 1200729.1 | G8: 1582.271 | H8: 2 | I8: FBE | J8: 40 | K8: 2 | L8: 1 | M8: =_xlfn.XLOOKUP(Survey!$F8,sections[Start],sections[Test Section],,-1,1) -> 1 | N8: =_xlfn.XLOOKUP(Survey!$K8,pipedata[ID],pipedata[WT]) -> 0.74 | O8: =_xlfn.XLOOKUP(Survey!$K8,pipedata[ID],pipedata[104%]) -> 2565.3333 | P8: =IF(L8=1,1850,IF(L8=2,1850,2220)) -> 1850 | Q8: =_xlfn.MAXIFS(Survey!$G$2:$G$3647,Survey!$M$2:$M$3647,Survey!$M8)-Survey!$G8 -> 771.87912 | R8: =Survey!$P8+(Survey!$Q8*0.433) -> 2184.2237
A9: VA | B9: Montgomery | C9: H | D9: 227.23202 | E9: 1227169 | F9: 1200768 | G9: 1582.6984 | H9: 2 | I9: FBE | J9: 40 | K9: 2 | L9: 1 | M9: =_xlfn.XLOOKUP(Survey!$F9,sections[Start],sections[Test Section],,-1,1) -> 1 | N9: =_xlfn.XLOOKUP(Survey!$K9,pipedata[ID],pipedata[WT]) -> 0.74 | O9: =_xlfn.XLOOKUP(Survey!$K9,pipedata[ID],pipedata[104%]) -> 2565.3333 | P9: =IF(L9=1,1850,IF(L9=2,1850,2220)) -> 1850 | Q9: =_xlfn.MAXIFS(Survey!$G$2:$G$3647,Survey!$M$2:$M$3647,Survey!$M9)-Survey!$G9 -> 771.45166 | R9: =Survey!$P9+(Survey!$Q9*0.433) -> 2184.0386
A10: VA | B10: Montgomery | C10: H | D10: 227.23867 | E10: 1227209 | F10: 1200807 | G10: 1583.1823 | H10: 2 | I10: FBE | J10: 17 | K10: 2 | L10: 1 | M10: =_xlfn.XLOOKUP(Survey!$F10,sections[Start],sections[Test Section],,-1,1) -> 1 | N10: =_xlfn.XLOOKUP(Survey!$K10,pipedata[ID],pipedata[WT]) -> 0.74 | O10: =_xlfn.XLOOKUP(Survey!$K10,pipedata[ID],pipedata[104%]) -> 2565.3333 | P10: =IF(L10=1,1850,IF(L10=2,1850,2220)) -> 1850 | Q10: =_xlfn.MAXIFS(Survey!$G$2:$G$3647,Survey!$M$2:$M$3647,Survey!$M10)-Survey!$G10 -> 770.96781 | R10: =Survey!$P10+(Survey!$Q10*0.433) -> 2183.8291
A11: VA | B11: Montgomery | C11: H | D11: 227.24646 | E11: 1227226 | F11: 1200846 | G11: 1580.9529 | H11: 2 | I11: FBE+ARO | J11: 40 | K11: 4 | L11: 1 | M11: =_xlfn.XLOOKUP(Survey!$F11,sections[Start],sections[Test Section],,-1,1) -> 1 | N11: =_xlfn.XLOOKUP(Survey!$K11,pipedata[ID],pipedata[WT]) -> 0.74 | O11: =_xlfn.XLOOKUP(Survey!$K11,pipedata[ID],pipedata[104%]) -> 2565.3333 | P11: =IF(L11=1,1850,IF(L11=2,1850,2220)) -> 1850 | Q11: =_xlfn.MAXIFS(Survey!$G$2:$G$3647,Survey!$M$2:$M$3647,Survey!$M11)-Survey!$G11 -> 773.19716 | R11: =Survey!$P11+(Survey!$Q11*0.433) -> 2184.7944
A12: VA | B12: Montgomery | C12: H | D12: 227.25319 | E12: 1227266 | F12: 1200886 | G12: 1579.4332 | H12: 2 | I12: FBE | J12: 63 | K12: 2 | L12: 1 | M12: =_xlfn.XLOOKUP(Survey!$F12,sections[Start],sections[Test Section],,-1,1) -> 1 | N12: =_xlfn.XLOOKUP(Survey!$K12,pipedata[ID],pipedata[WT]) -> 0.74 | O12: =_xlfn.XLOOKUP(Survey!$K12,pipedata[ID],pipedata[104%]) -> 2565.3333 | P12: =IF(L12=1,1850,IF(L12=2,1850,2220)) -> 1850 | Q12: =_xlfn.MAXIFS(Survey!$G$2:$G$3647,Survey!$M$2:$M$3647,Survey!$M12)-Survey!$G12 -> 774.71691 | R12: =Survey!$P12+(Survey!$Q12*0.433) -> 2185.4524
A13: VA | B13: Montgomery | C13: H | D13: 227.26167 | E13: 1227329 | F13: 1200922.8 | G13: 1582.2515 | H13: 2 | I13: FBE | J13: 40 | K13: 2 | L13: 1 | M13: =_xlfn.XLOOKUP(Survey!$F13,sections[Start],sections[Test Section],,-1,1) -> 1 | N13: =_xlfn.XLOOKUP(Survey!$K13,pipedata[ID],pipedata[WT]) -> 0.74 | O13: =_xlfn.XLOOKUP(Survey!$K13,pipedata[ID],pipedata[104%]) -> 2565.3333 | P13: =IF(L13=1,1850,IF(L13=2,1850,2220)) -> 1850 | Q13: =_xlfn.MAXIFS(Survey!$G$2:$G$3647,Survey!$M$2:$M$3647,Survey!$M13)-Survey!$G13 -> 771.89854 | R13: =Survey!$P13+(Survey!$Q13*0.433) -> 2184.2321
... A3647: VA | B3647: Franklin | C3647: H | D3647: 253.95624 | E3647: 1372649 | F3647: 1341945.5 | G3647: 1485.3123 | H3647: 1 | I3647: FBE | J3647: 40 | K3647: 1 | L3647: 1 | M3647: =_xlfn.XLOOKUP(Survey!$F3647,sections[Start],sections[Test Section],,-1,1) -> 9 | N3647: =_xlfn.XLOOKUP(Survey!$K3647,pipedata[ID],pipedata[WT]) -> 0.617 | O3647: =_xlfn.XLOOKUP(Survey!$K3647,pipedata[ID],pipedata[104%]) -> 2138.9333 | P3647: =IF(L3647=1,1850,IF(L3647=2,1850,2220)) -> 1850 | Q3647: =_xlfn.MAXIFS(Survey!$G$2:$G$3647,Survey!$M$2:$M$3647,Survey!$M3647)-Survey!$G3647 -> 581.02782 | R3647: =Survey!$P3647+(Survey!$Q3647*0.433) -> 2101.585

Sheet TSInputs
A1: Test Section | B1: Start | C1: End | D1: Test Site | E1: Fill Site | F1: Dewater Site | G1: Min Test Pressure | H1: Section High | I1: Section Low | J1: Test Elevation | K1: Fill Elevation | L1: Dewater Elevation | M1: Fill Head | N1: Dewater Head
A2: 1 | B2: 1200495 | C2: 1218848 | D2: 1218848 | E2: 1200495 | F2: 1218848.1 | G2: 1850 | H2: =_xlfn.MAXIFS(Survey!G:G,Survey!F:F,">="&TSInputs!B2,Survey!F:F,"<="&TSInputs!C2) -> 2354.1501 | I2: =_xlfn.MINIFS(Survey!G:G,Survey!F:F,">="&TSInputs!B2,Survey!F:F,"<="&TSInputs!C2) -> 1312.7686 | J2: =_xlfn.XLOOKUP(D2,Survey!F:F,Survey!G:G,,1) -> 1310.51 | K2: =_xlfn.XLOOKUP(E2,Survey!F:F,Survey!G:G,,1) -> 1581.2958 | L2: =_xlfn.XLOOKUP(F2,Survey!F:F,Survey!G:G,,1) -> 1310.51 | M2: =(H2-J2)*0.433 -> 451.89616 | N2: =(H2-J2)*0.433 -> 451.89616
A3: 2 | B3: 1218848 | C3: 1240940 | D3: 1237450 | E3: 1237450 | F3: 1218848 | G3: 1850 | H3: =_xlfn.MAXIFS(Survey!G:G,Survey!F:F,">="&TSInputs!B3,Survey!F:F,"<="&TSInputs!C3) -> 2763.6662 | I3: =_xlfn.MINIFS(Survey!G:G,Survey!F:F,">="&TSInputs!B3,Survey!F:F,"<="&TSInputs!C3) -> 1264.7654 | J3: =_xlfn.XLOOKUP(D3,Survey!F:F,Survey!G:G,,1) -> 1313.5066 | K3: =_xlfn.XLOOKUP(E3,Survey!F:F,Survey!G:G,,1) -> 1313.5066 | L3: =_xlfn.XLOOKUP(F3,Survey!F:F,Survey!G:G,,1) -> 1310.51 | M3: =(H3-J3)*0.433 -> 627.91911 | N3: =(H3-J3)*0.433 -> 627.91911
A4: 3 | B4: 1240940 | C4: 1244521 | D4: 1240940 | E4: 1240940 | F4: 1244521 | G4: 1850 | H4: =_xlfn.MAXIFS(Survey!G:G,Survey!F:F,">="&TSInputs!B4,Survey!F:F,"<="&TSInputs!C4) -> 1377.8848 | I4: =_xlfn.MINIFS(Survey!G:G,Survey!F:F,">="&TSInputs!B4,Survey!F:F,"<="&TSInputs!C4) -> 1165.722 | J4: =_xlfn.XLOOKUP(D4,Survey!F:F,Survey!G:G,,1) -> 1377.8848 | K4: =_xlfn.XLOOKUP(E4,Survey!F:F,Survey!G:G,,1) -> 1377.8848 | L4: =_xlfn.XLOOKUP(F4,Survey!F:F,Survey!G:G,,1) -> 1218.8918 | M4: =(H4-J4)*0.433 -> 0 | N4: =(H4-J4)*0.433 -> 0
A5: 4 | B5: 1244521 | C5: 1248271 | D5: 1244521 | E5: 1248271 | F5: 1248271 | G5: 1850 | H5: =_xlfn.MAXIFS(Survey!G:G,Survey!F:F,">="&TSInputs!B5,Survey!F:F,"<="&TSInputs!C5) -> 1571.8151 | I5: =_xlfn.MINIFS(Survey!G:G,Survey!F:F,">="&TSInputs!B5,Survey!F:F,"<="&TSInputs!C5) -> 1212.8205 | J5: =_xlfn.XLOOKUP(D5,Survey!F:F,Survey!G:G,,1) -> 1218.8918 | K5: =_xlfn.XLOOKUP(E5,Survey!F:F,Survey!G:G,,1) -> 1542.853 | L5: =_xlfn.XLOOKUP(F5,Survey!F:F,Survey!G:G,,1) -> 1542.853 | M5: =(H5-J5)*0.433 -> 152.81575 | N5: =(H5-J5)*0.433 -> 152.81575
A6: 5 | B6: 1248271 | C6: 1269063 | D6: 1248271 | E6: 1248271 | F6: 1248271 | G6: 1850 | H6: =_xlfn.MAXIFS(Survey!G:G,Survey!F:F,">="&TSInputs!B6,Survey!F:F,"<="&TSInputs!C6) -> 3735.3768 | I6: =_xlfn.MINIFS(Survey!G:G,Survey!F:F,">="&TSInputs!B6,Survey!F:F,"<="&TSInputs!C6) -> 1481.4739 | J6: =_xlfn.XLOOKUP(D6,Survey!F:F,Survey!G:G,,1) -> 1542.853 | K6: =_xlfn.XLOOKUP(E6,Survey!F:F,Survey!G:G,,1) -> 1542.853 | L6: =_xlfn.XLOOKUP(F6,Survey!F:F,Survey!G:G,,1) -> 1542.853 | M6: =(H6-J6)*0.433 -> 949.36282 | N6: =(H6-J6)*0.433 -> 949.36282
A7: 6 | B7: 1269063 | C7: 1289484 | D7: 1289484 | E7: 1289484 | F7: 1269063 | G7: 1850 | H7: =_xlfn.MAXIFS(Survey!G:G,Survey!F:F,">="&TSInputs!B7,Survey!F:F,"<="&TSInputs!C7) -> 3734.4246 | I7: =_xlfn.MINIFS(Survey!G:G,Survey!F:F,">="&TSInputs!B7,Survey!F:F,"<="&TSInputs!C7) -> 2604.5758 | J7: =_xlfn.XLOOKUP(D7,Survey!F:F,Survey!G:G,,1) -> 2618.2096 | K7: =_xlfn.XLOOKUP(E7,Survey!F:F,Survey!G:G,,1) -> 2618.2096 | L7: =_xlfn.XLOOKUP(F7,Survey!F:F,Survey!G:G,,1) -> 3734.4246 | M7: =(H7-J7)*0.433 -> 483.32109 | N7: =(H7-J7)*0.433 -> 483.32109
A8: 7 | B8: 1289484 | C8: 1303339 | D8: 1303339 | E8: 1303339 | F8: 1289484 | G8: 1850 | H8: =_xlfn.MAXIFS(Survey!G:G,Survey!F:F,">="&TSInputs!B8,Survey!F:F,"<="&TSInputs!C8) -> 2834.9738 | I8: =_xlfn.MINIFS(Survey!G:G,Survey!F:F,">="&TSInputs!B8,Survey!F:F,"<="&TSInputs!C8) -> 2552.297 | J8: =_xlfn.XLOOKUP(D8,Survey!F:F,Survey!G:G,,1) -> 2723.7583 | K8: =_xlfn.XLOOKUP(E8,Survey!F:F,Survey!G:G,,1) -> 2723.7583 | L8: =_xlfn.XLOOKUP(F8,Survey!F:F,Survey!G:G,,1) -> 2618.2096 | M8: =(H8-J8)*0.433 -> 48.156311 | N8: =(H8-J8)*0.433 -> 48.156311
A9: 8 | B9: 1303339 | C9: 1319661 | D9: 1319661 | E9: 1319661 | F9: 1303339 | G9: 1850 | H9: =_xlfn.MAXIFS(Survey!G:G,Survey!F:F,">="&TSInputs!B9,Survey!F:F,"<="&TSInputs!C9) -> 3187.7095 | I9: =_xlfn.MINIFS(Survey!G:G,Survey!F:F,">="&TSInputs!B9,Survey!F:F,"<="&TSInputs!C9) -> 1432.911 | J9: =_xlfn.XLOOKUP(D9,Survey!F:F,Survey!G:G,,1) -> 1433.7684 | K9: =_xlfn.XLOOKUP(E9,Survey!F:F,Survey!G:G,,1) -> 1433.7684 | L9: =_xlfn.XLOOKUP(F9,Survey!F:F,Survey!G:G,,1) -> 2723.7583 | M9: =(H9-J9)*0.433 -> 759.45649 | N9: =(H9-J9)*0.433 -> 759.45649
A10: 9 | B10: 1319661 | C10: 1341511 | D10: 1341511 | E10: 1341511 | F10: 1319661 | G10: 1850 | H10: =_xlfn.MAXIFS(Survey!G:G,Survey!F:F,">="&TSInputs!B10,Survey!F:F,"<="&TSInputs!C10) -> 2066.3401 | I10: =_xlfn.MINIFS(Survey!G:G,Survey!F:F,">="&TSInputs!B10,Survey!F:F,"<="&TSInputs!C10) -> 1373.0416 | J10: =_xlfn.XLOOKUP(D10,Survey!F:F,Survey!G:G,,1) -> 1438.502 | K10: =_xlfn.XLOOKUP(E10,Survey!F:F,Survey!G:G,,1) -> 1438.502 | L10: =_xlfn.XLOOKUP(F10,Survey!F:F,Survey!G:G,,1) -> 1433.7684 | M10: =(H10-J10)*0.433 -> 271.85392 | N10: =(H10-J10)*0.433 -> 271.85392

Sheet PipeInputs
A1: ID | B1: WT | C1: OD | D1: Yield | E1: SMYS | F1: 104%
A2: 1 | B2: 0.617 | C2: 42 | D2: 70000 | E2: =2*D2*B2/C2 -> 2056.6667 | F2: =pipedata[[#This Row],[SMYS]]*1.04 -> 2138.9333
A3: 2 | B3: 0.74 | C3: 42 | D3: 70000 | E3: =2*D3*B3/C3 -> 2466.6667 | F3: =pipedata[[#This Row],[SMYS]]*1.04 -> 2565.3333
A4: 3 | B4: 0.888 | C4: 42 | D4: 70000 | E4: =2*D4*B4/C4 -> 2960 | F4: =pipedata[[#This Row],[SMYS]]*1.04 -> 3078.4
A5: 4 | B5: 0.74 | C5: 42 | D5: 70000 | E5: =2*D5*B5/C5 -> 2466.6667 | F5: =pipedata[[#This Row],[SMYS]]*1.04 -> 2565.3333
A6: 5 | B6: 0.888 | C6: 42 | D6: 70000 | E6: =2*D6*B6/C6 -> 2960 | F6: =pipedata[[#This Row],[SMYS]]*1.04 -> 3078.4
A7: 6 | B7: 0.617 | C7: 42 | D7: 70000 | E7: =2*D7*B7/C7 -> 2056.6667 | F7: =pipedata[[#This Row],[SMYS]]*1.04 -> 2138.9333
A8: 7 | E8: 1480 | F8: =pipedata[[#This Row],[SMYS]]*1.04 -> 1539.2
A9: 8 | E9: 2220 | F9: =pipedata[[#This Row],[SMYS]]*1.04 -> 2308.8
A10: 9 | B10: 0.888 | C10: 42 | D10: 70000 | E10: =2*D10*B10/C10 -> 2960 | F10: =pipedata[[#This Row],[SMYS]]*1.04 -> 3078.4 | S10: Working Pressure (bar)
S11: Class
S12: 150 | T12: 300 | U12: 400 | V12: 600 | W12: 900 | X12: 1500 | Y12: 2500
R13: =-29 - 38 -> -67 | S13: 19.6 | T13: 51.1 | U13: 68.1 | V13: 102.1 | W13: 153.2 | X13: 255.3 | Y13: 425.5
R14: 50 | S14: 19.2 | T14: 50.1 | U14: 66.8 | V14: 100.2 | W14: 150.4 | X14: 250.6 | Y14: 417.7
R15: 100 | S15: 17.7 | T15: 46.6 | U15: 62.1 | V15: 93.2 | W15: 139.8 | X15: 233 | Y15: 388.3
R16: 150 | S16: 15.8 | T16: 45.1 | U16: 60.1 | V16: 90.2 | W16: 135.2 | X16: 225.4 | Y16: 375.6
R17: 200 | S17: 13.8 | T17: 43.8 | U17: 58.4 | V17: 87.6 | W17: 131.4 | X17: 219 | Y17: 365
R18: 250 | S18: 12.1 | T18: 41.9 | U18: 55.9 | V18: 83.9 | W18: 125.8 | X18: 209.7 | Y18: 349.5
R19: 300 | S19: 10.2 | T19: 39.8 | U19: 53.1 | V19: 79.6 | W19: 119.5 | X19: 199.1 | Y19: 331.8
R20: 325 | S20: 9.3 | T20: 38.7 | U20: 51.6 | V20: 77.4 | W20: 116.1 | X20: 193.6 | Y20: 322.6
R21: 350 | S21: 8.4 | T21: 37.6 | U21: 50.1 | V21: 75.1 | W21: 112.7 | X21: 187.8 | Y21: 313
R22: 375 | S22: 7.4 | T22: 36.4 | U22: 48.5 | V22: 72.7 | W22: 109.1 | X22: 181.8 | Y22: 303.1
R23: 400 | S23: 6.5 | T23: 34.7 | U23: 46.3 | V23: 69.4 | W23: 104.2 | X23: 173.6 | Y23: 289.3
R24: 425 | S24: 5.5 | T24: 28.8 | U24: 38.4 | V24: 57.5 | W24: 86.3 | X24: 143.8 | Y24: 239.7
R25: 450 | S25: 4.6 | T25: 23 | U25: 30.7 | V25: 46 | W25: 69 | X25: 115 | Y25: 191.7
... R28: 538 | S28: 1.4 | T28: 5.9 | U28: 7.9 | V28: 11.8 | W28: 17.7 | X28: 29.5 | Y28: 49.2
S32: {=S12:Y12} -> 150 | T32: 300 | U32: 400 | V32: 600 | W32: 900 | X32: 1500 | Y32: 2500
S33: {=_xlfn.MAP(S13:Y13,_xlfn.LAMBDA(_xlpm.array,PRODUCT(_xlpm.array,14.5038)))} -> 284.27448 | T33: 741.14418 | U33: 987.70878 | V33: 1480.838 | W33: 2221.9822 | X33: 3702.8201 | Y33: 6171.3669
S36: 150 | T36: 300 | U36: 400 | V36: 600 | W36: 900 | X36: 1500 | Y36: 2500
S37: 284.27448 | T37: 741.14418 | U37: 987.70878 | V37: 1480.838 | W37: 2221.9822 | X37: 3702.8201 | Y37: 6171.3669
